attend,termGPA,priGPA,ACT,final,atndrte,hwrte,frosh,soph,missed,stndfnl
27,3.19000005722046,2.64000010490418,23,28,84.375,100,0,1,5,0.472689062356949
22,2.73000001907349,3.51999998092651,25,26,68.75,87.5,0,0,10,0.0525210089981556
30,3,2.46000003814697,24,30,93.75,87.5,0,0,2,0.892857134342194
31,2.03999996185303,2.60999989509583,20,27,96.875,100,0,1,1,0.262605041265488
32,3.6800000667572,3.3199999332428,23,34,100,100,0,1,0,1.73319327831268
29,3.23000001907349,2.9300000667572,26,25,90.625,100,0,1,3,-0.157563030719757
30,1.53999996185303,1.94000005722046,21,10,93.75,75,1,0,2,-3.30882358551025
26,2,2.11999988555908,22,34,81.25,100,0,1,6,1.73319327831268
24,2.25,2.05999994277954,24,26,75,100,1,0,8,0.0525210089981556
29,3,2.73000001907349,21,26,90.625,100,0,1,3,0.0525210089981556
30,3.21000003814697,2.28999996185303,16,27,93.75,100,0,0,2,0.262605041265488
19,2.04999995231628,2.28999996185303,24,22,59.375,50,1,0,13,-0.787815153598785
19,2.13000011444092,2.64000010490418,24,27,59.375,75,0,0,13,0.262605041265488
29,3.57999992370605,3.39000010490418,27,33,90.625,100,0,1,3,1.52310919761658
29,2.5,2.75999999046326,25,29,90.625,62.5,0,1,3,0.682773113250732
30,2.09999990463257,2.32999992370605,20,23,93.75,100,1,0,2,-0.577731072902679
20,1.26999998092651,1.98000001907349,22,22,62.5,75,0,1,12,-0.787815153598785
32,2.76999998092651,2.28999996185303,25,21,100,100,0,1,0,-0.997899174690247
31,3.15000009536743,3.01999998092651,18,25,96.875,100,1,0,1,-0.157563030719757
29,2.38000011444092,2.32999992370605,22,22,90.625,100,0,1,3,-0.787815153598785
27,1.76999998092651,2.53999996185303,21,24,84.375,75,1,0,5,-0.367647051811218
25,2.32999992370605,2.39000010490418,23,27,78.125,100,0,1,7,0.262605041265488
31,2.32999992370605,2.4300000667572,21,19,96.875,100,0,1,1,-1.41806721687317
22,3.88000011444092,3.88000011444092,28,33,68.75,75,0,1,10,1.52310919761658
27,3.28999996185303,2.57999992370605,26,33,84.375,87.5,0,0,5,1.52310919761658
29,3.79999995231628,3.35999989509583,29,31,90.625,100,0,1,3,1.10294115543365
32,3.5,3.01999998092651,28,32,100,100,0,0,0,1.31302523612976
25,2.14000010490417,2.11999988555908,16,22,78.125,100,0,1,7,-0.787815153598785
30,2.88000011444092,2.36999988555908,23,30,93.75,75,1,0,2,0.892857134342194
25,3.26999998092651,2.9300000667572,22,27,78.125,100,0,1,7,0.262605041265488
27,3.28999996185303,2.01999998092651,28,30,84.375,87.5,1,0,5,0.892857134342194
27,2.55999994277954,2.77999997138977,21,26,84.375,100,0,0,5,0.0525210089981556
23,3.25,2.84999990463257,29,25,71.875,62.5,0,0,9,-0.157563030719757
32,2.71000003814697,2.27999997138977,22,28,100,100,0,1,0,0.472689062356949
31,2.85999989509583,3.46000003814697,16,27,96.875,100,0,1,1,0.262605041265488
25,2.5,2.63000011444092,25,23,78.125,100,0,1,7,-0.577731072902679
18,2.15000009536743,2.19000005722046,22,32,56.25,62.5,0,1,14,1.31302523612976
32,3.5,3.5699999332428,21,32,100,87.5,0,1,0,1.31302523612976
31,2.16000008583069,1.98000001907349,18,26,96.875,100,1,0,1,0.0525210089981556
24,2.40000009536743,3.04999995231628,26,19,75,25,0,1,8,-1.41806721687317
31,3.53999996185303,3.45000004768372,25,31,96.875,100,0,1,1,1.10294115543365
31,3.65000009536743,2.63000011444092,23,31,96.875,100,0,1,1,1.10294115543365
32,2.5,2.61999988555908,24,19,100,100,0,0,0,-1.41806721687317
25,2.11999988555908,2.13000011444092,18,24,78.125,87.5,0,1,7,-0.367647051811218
31,2.5,2.42000007629395,18,26,96.875,100,0,1,1,0.0525210089981556
32,3.80999994277954,3.4300000667572,29,34,100,100,0,1,0,1.73319327831268
30,3.09999990463257,2.34999990463257,21,19,93.75,50,1,0,2,-1.41806721687317
30,3.14000010490418,3.60999989509583,26,24,93.75,100,0,1,2,-0.367647051811218
30,3,2.85999989509583,24,29,93.75,87.5,0,1,2,0.682773113250732
10,1.21000003814697,2.04999995231628,30,29,31.25,,1,0,22,0.682773113250732
19,2.1800000667572,2.95000004768372,29,23,59.375,87.5,0,1,13,-0.577731072902679
30,2.80999994277954,2.41000008583069,19,20,93.75,87.5,0,1,2,-1.20798313617706
17,2.09999990463257,2.3199999332428,23,27,53.125,100,0,1,15,0.262605041265488
27,2.0699999332428,2.29999995231628,21,25,84.375,87.5,0,1,5,-0.157563030719757
27,1.36000001430511,1.78999996185303,21,22,84.375,62.5,1,0,5,-0.787815153598785
27,3,2.29999995231628,21,30,84.375,87.5,0,1,5,0.892857134342194
28,1.96000003814697,2.48000001907349,20,21,87.5,100,0,1,4,-0.997899174690247
30,2.85999989509583,2.86999988555908,22,35,93.75,100,1,0,2,1.94327735900879
30,2.60999989509583,2.01999998092651,25,24,93.75,87.5,1,0,2,-0.367647051811218
30,2.71000003814697,2.66000008583069,21,23,93.75,87.5,0,1,2,-0.577731072902679
31,2.89000010490418,2.80999994277954,25,23,96.875,100,0,1,1,-0.577731072902679
26,2.85999989509583,2.33999991416931,21,28,81.25,100,0,0,6,0.472689062356949
25,2.34999990463257,2.52999997138977,27,31,78.125,50,0,1,7,1.10294115543365
24,2.64000010490418,2.08999991416931,19,21,75,100,0,1,8,-0.997899174690247
19,3.28999996185303,2.67000007629395,21,35,59.375,87.5,0,1,13,1.94327735900879
22,1.53999996185303,1.89999997615814,25,18,68.75,87.5,0,1,10,-1.62815129756928
28,3.3199999332428,2.79999995231628,21,21,87.5,100,1,0,4,-0.997899174690247
32,4,3.9300000667572,25,35,100,100,0,1,0,1.94327735900879
29,2.63000011444092,2.54999995231628,26,25,90.625,100,0,1,3,-0.157563030719757
19,2.38000011444092,2.17000007629395,21,22,59.375,75,1,0,13,-0.787815153598785
20,1.29999995231628,1.58000004291534,18,21,62.5,62.5,0,1,12,-0.997899174690247
29,2.75999999046326,2.11999988555908,20,29,90.625,100,1,0,3,0.682773113250732
26,2.32999992370605,2.20000004768372,14,20,81.25,75,0,0,6,-1.20798313617706
26,2.64000010490418,2.01999998092651,27,29,81.25,12.5,1,0,6,0.682773113250732
23,2.30999994277954,3.45000004768372,23,25,71.875,62.5,0,1,9,-0.157563030719757
27,2.23000001907349,1.96000003814697,20,20,84.375,62.5,0,1,5,-1.20798313617706
31,2.30999994277954,2.77999997138977,23,24,96.875,100,0,1,1,-0.367647051811218
31,3.88000011444092,3.58999991416931,27,35,96.875,87.5,0,0,1,1.94327735900879
29,2.38000011444092,2,15,19,90.625,100,1,0,3,-1.41806721687317
31,3.22000002861023,3.58999991416931,27,25,96.875,100,0,1,1,-0.157563030719757
24,2.25999999046326,2.03999996185303,25,28,75,100,0,0,8,0.472689062356949
25,0.75,2.11999988555908,20,22,78.125,62.5,0,1,7,-0.787815153598785
30,2.84999990463257,3.34999990463257,20,28,93.75,75,0,1,2,0.472689062356949
32,1.64999997615814,2.41000008583069,19,25,100,62.5,1,0,0,-0.157563030719757
30,2.92000007629395,2.55999994277954,16,20,93.75,100,0,1,2,-1.20798313617706
23,2.5,2.35999989509583,20,26,71.875,75,0,1,9,0.0525210089981556
24,2.14000010490417,2.58999991416931,25,25,75,62.5,0,1,8,-0.157563030719757
32,3.22000002861023,3.17000007629395,25,28,100,75,0,1,0,0.472689062356949
20,2.39000010490418,2.60999989509583,19,23,62.5,75,0,1,12,-0.577731072902679
26,3.15000009536743,2.95000004768372,18,27,81.25,100,0,1,6,0.262605041265488
27,1.75,2.20000004768372,20,26,84.375,87.5,0,1,5,0.0525210089981556
24,1.75,2.51999998092651,28,25,75,75,0,0,8,-0.157563030719757
30,2.80999994277954,2.54999995231628,22,25,93.75,100,0,1,2,-0.157563030719757
31,3.04999995231628,2.90000009536743,25,27,96.875,100,0,1,1,0.262605041265488
23,2.26999998092651,2.52999997138977,26,21,71.875,75,0,1,9,-0.997899174690247
25,2.92000007629395,2.26999998092651,19,28,78.125,100,0,1,7,0.472689062356949
29,2.5,2.71000003814697,23,26,90.625,87.5,0,1,3,0.0525210089981556
28,3.71000003814697,2,26,34,87.5,100,1,0,4,1.73319327831268
20,1.5,2.28999996185303,21,21,62.5,37.5,0,0,12,-0.997899174690247
31,2.10999989509583,1.96000003814697,24,22,96.875,100,0,1,1,-0.787815153598785
31,3.27999997138977,2.46000003814697,18,34,96.875,100,0,0,1,1.73319327831268
23,1.60000002384186,2.1800000667572,20,27,71.875,100,0,1,9,0.262605041265488
25,3.32999992370605,3.04999995231628,23,30,78.125,100,0,1,7,0.892857134342194
28,2.03999996185303,2.47000002861023,22,23,87.5,100,1,0,4,-0.577731072902679
29,2.85999989509583,2.75999999046326,25,27,90.625,100,0,1,3,0.262605041265488
17,0.820999979972839,1.75,17,22,53.125,12.5,1,0,15,-0.787815153598785
28,2.46000003814697,2.74000000953674,21,30,87.5,87.5,0,1,4,0.892857134342194
32,4,3.0699999332428,19,35,100,100,0,1,0,1.94327735900879
20,1.36000001430511,1.9099999666214,22,21,62.5,75,0,0,12,-0.997899174690247
2,0,2.25,25,20,6.25,37.5,0,1,30,-1.20798313617706
21,1.83000004291534,2.02999997138977,17,22,65.625,50,0,0,11,-0.787815153598785
28,3.75,3.05999994277954,30,33,87.5,100,0,0,4,1.52310919761658
26,1.64999997615814,2.25999999046326,17,30,81.25,75,1,0,6,0.892857134342194
24,3,3.19000005722046,28,20,75,100,0,1,8,-1.20798313617706
31,2.67000007629395,2.5699999332428,20,20,96.875,100,0,1,1,-1.20798313617706
29,2.86999988555908,2.74000000953674,17,30,90.625,100,0,0,3,0.892857134342194
21,2.30999994277954,2.17000007629395,22,23,65.625,100,1,0,11,-0.577731072902679
24,2.63000011444092,3.29999995231628,26,25,75,100,0,1,8,-0.157563030719757
20,1.83000004291534,2.52999997138977,27,27,62.5,62.5,0,1,12,0.262605041265488
30,2,2.0699999332428,23,19,93.75,87.5,0,1,2,-1.41806721687317
31,3.58999991416931,3.25,25,30,96.875,100,0,1,1,0.892857134342194
32,2.88000011444092,2.8199999332428,23,19,100,100,0,1,0,-1.41806721687317
23,1.92999994754791,2.45000004768372,20,31,71.875,87.5,0,1,9,1.10294115543365
30,2.70000004768372,3.01999998092651,20,28,93.75,100,0,1,2,0.472689062356949
28,2.69000005722046,2.83999991416931,23,21,87.5,87.5,0,1,4,-0.997899174690247
25,3.38000011444092,3.39000010490418,23,25,78.125,87.5,0,1,7,-0.157563030719757
28,2.5,0.85699999332428,18,30,87.5,100,0,1,4,0.892857134342194
24,3.52999997138977,2.30999994277954,32,32,75,100,0,0,8,1.31302523612976
26,2.15000009536743,2.96000003814697,16,20,81.25,100,0,1,6,-1.20798313617706
25,2.6800000667572,2.38000011444092,21,23,78.125,100,1,0,7,-0.577731072902679
27,2.71000003814697,2.15000009536743,20,24,84.375,100,0,1,5,-0.367647051811218
23,2.61999988555908,1.89999997615814,23,29,71.875,100,1,0,9,0.682773113250732
29,2.19000005722046,1.79999995231628,19,19,90.625,87.5,1,0,3,-1.41806721687317
22,2.6800000667572,1.74000000953674,21,29,68.75,100,0,1,10,0.682773113250732
28,2.75,2.22000002861023,21,26,87.5,62.5,0,1,4,0.0525210089981556
25,1.60000002384186,2.49000000953674,21,19,78.125,50,0,0,7,-1.41806721687317
25,2.38000011444092,2.92000007629395,20,20,78.125,100,0,0,7,-1.20798313617706
27,2.29999995231628,1.98000001907349,22,27,84.375,87.5,0,0,5,0.262605041265488
23,3.35999989509583,1.83000004291534,17,30,71.875,100,1,0,9,0.892857134342194
32,3.25,3.27999997138977,21,26,100,100,0,1,0,0.0525210089981556
27,1.5,1.98000001907349,16,23,84.375,62.5,1,0,5,-0.577731072902679
31,2.96000003814697,3.01999998092651,19,25,96.875,87.5,0,1,1,-0.157563030719757
25,3.09999990463257,2.86999988555908,26,20,78.125,62.5,0,1,7,-1.20798313617706
26,2.03999996185303,2.75,19,26,81.25,100,0,1,6,0.0525210089981556
29,3.21000003814697,3.45000004768372,30,31,90.625,100,0,1,3,1.10294115543365
28,3.11999988555908,3.21000003814697,24,22,87.5,100,0,1,4,-0.787815153598785
30,1.5,2.4300000667572,18,32,93.75,100,0,0,2,1.31302523612976
29,1.96000003814697,2.55999994277954,23,16,90.625,75,1,0,3,-2.0483193397522
29,3.33999991416931,3.42000007629395,22,24,90.625,100,0,1,3,-0.367647051811218
28,2.90000009536743,2.4300000667572,21,22,87.5,100,0,1,4,-0.787815153598785
32,3.65000009536743,3.49000000953674,23,31,100,100,0,0,0,1.10294115543365
25,3.02999997138977,2.33999991416931,22,25,78.125,75,0,1,7,-0.157563030719757
28,2.6800000667572,2.48000001907349,28,27,87.5,62.5,1,0,4,0.262605041265488
28,2.4300000667572,3.21000003814697,23,26,87.5,75,1,0,4,0.0525210089981556
24,1.5,2.09999990463257,17,24,75,100,0,1,8,-0.367647051811218
29,2.97000002861023,2.8199999332428,25,28,90.625,100,0,1,3,0.472689062356949
30,3.71000003814697,3.22000002861023,27,37,93.75,87.5,0,1,2,2.36344528198242
29,2.26999998092651,2.09999990463257,19,21,90.625,100,0,1,3,-0.997899174690247
28,2.6800000667572,1.66999995708466,22,31,87.5,87.5,1,0,4,1.10294115543365
25,3.63000011444092,3.64000010490418,26,32,78.125,100,0,1,7,1.31302523612976
30,2.58999991416931,2.45000004768372,25,29,93.75,100,0,1,2,0.682773113250732
32,2.76999998092651,2.52999997138977,20,29,100,100,0,0,0,0.682773113250732
29,3.29999995231628,2.39000010490418,16,27,90.625,100,1,0,3,0.262605041265488
28,2.13000011444092,2.63000011444092,20,23,87.5,87.5,1,0,4,-0.577731072902679
24,2.34999990463257,2.53999996185303,24,30,75,87.5,0,0,8,0.892857134342194
26,3.46000003814697,3.53999996185303,27,29,81.25,100,0,1,6,0.682773113250732
3,2.07999992370605,1.85000002384186,22,23,9.375,87.5,0,1,29,-0.577731072902679
15,3.04999995231628,2.44000005722046,24,32,46.875,75,0,0,17,1.31302523612976
31,3.54999995231628,3.30999994277954,22,28,96.875,100,0,1,1,0.472689062356949
25,2.13000011444092,2.34999990463257,20,30,78.125,50,0,1,7,0.892857134342194
27,2.38000011444092,2.22000002861023,20,22,84.375,100,0,0,5,-0.787815153598785
27,3.73000001907349,3.20000004768372,25,37,84.375,100,0,0,5,2.36344528198242
27,2.13000011444092,2.57999992370605,21,17,84.375,100,0,1,5,-1.83823525905609
29,3.71000003814697,3.60999989509583,26,31,90.625,100,0,1,3,1.10294115543365
32,2.54999995231628,2.46000003814697,18,24,100,75,1,0,0,-0.367647051811218
23,3.13000011444092,3.33999991416931,28,26,71.875,100,0,0,9,0.0525210089981556
32,3.19000005722046,3.13000011444092,17,23,100,87.5,1,0,0,-0.577731072902679
28,2.58999991416931,2.78999996185303,26,28,87.5,100,0,1,4,0.472689062356949
31,2.78999996185303,2.35999989509583,23,27,96.875,100,1,0,1,0.262605041265488
25,3,3.28999996185303,28,30,78.125,100,0,1,7,0.892857134342194
30,2.75,2.36999988555908,20,24,93.75,87.5,1,0,2,-0.367647051811218
24,3.25,3.5699999332428,29,30,75,100,0,1,8,0.892857134342194
22,0.699999988079071,2.0699999332428,28,28,68.75,12.5,1,0,10,0.472689062356949
31,3.21000003814697,3.20000004768372,27,30,96.875,100,1,0,1,0.892857134342194
16,1.80999994277954,1.98000001907349,23,25,50,,1,0,16,-0.157563030719757
28,3.21000003814697,2.79999995231628,22,22,87.5,100,0,1,4,-0.787815153598785
31,3,2.98000001907349,18,22,96.875,100,0,1,1,-0.787815153598785
21,1.85000002384186,2.84999990463257,22,21,65.625,75,0,0,11,-0.997899174690247
9,2,1.95000004768372,20,26,28.125,37.5,1,0,23,0.0525210089981556
24,1.35000002384186,1.88999998569489,21,22,75,75,1,0,8,-0.787815153598785
31,3.03999996185303,3.28999996185303,19,32,96.875,100,1,0,1,1.31302523612976
28,3.1800000667572,2.75999999046326,25,26,87.5,100,1,0,4,0.0525210089981556
26,3.35999989509583,1.77999997138977,23,34,81.25,100,0,1,6,1.73319327831268
31,3,2.89000010490418,20,26,96.875,100,0,1,1,0.0525210089981556
20,2.88000011444092,1.95000004768372,25,26,62.5,87.5,0,1,12,0.0525210089981556
23,3.03999996185303,2.48000001907349,27,30,71.875,100,0,1,9,0.892857134342194
29,2.73000001907349,2.29999995231628,16,24,90.625,100,1,0,3,-0.367647051811218
32,2.77999997138977,1.86000001430511,21,34,100,87.5,1,0,0,1.73319327831268
32,2.96000003814697,2.70000004768372,24,30,100,87.5,0,1,0,0.892857134342194
29,2.25,2.27999997138977,15,26,90.625,87.5,1,0,3,0.0525210089981556
28,2.10999989509583,2.69000005722046,19,19,87.5,87.5,0,1,4,-1.41806721687317
31,3.26999998092651,2.47000002861023,25,34,96.875,100,0,0,1,1.73319327831268
28,2.23000001907349,2.67000007629395,19,22,87.5,100,1,0,4,-0.787815153598785
31,2.94000005722046,2.40000009536743,22,22,96.875,100,1,0,1,-0.787815153598785
30,4,3.45000004768372,30,36,93.75,100,0,0,2,2.15336132049561
27,2.3199999332428,2.34999990463257,21,27,84.375,87.5,1,0,5,0.262605041265488
25,3.41000008583069,2.92000007629395,23,24,78.125,100,0,0,7,-0.367647051811218
27,2.28999996185303,2.73000001907349,18,26,84.375,100,0,1,5,0.0525210089981556
25,1.53999996185303,2.6800000667572,19,22,78.125,87.5,0,1,7,-0.787815153598785
32,3.55999994277954,3.51999998092651,23,31,100,100,0,1,0,1.10294115543365
10,1,1.4099999666214,23,20,31.25,12.5,1,0,22,-1.20798313617706
25,2.94000005722046,2.94000005722046,20,30,78.125,100,0,0,7,0.892857134342194
31,3.14000010490418,3.3199999332428,23,22,96.875,100,0,1,1,-0.787815153598785
29,2.75,2.91000008583069,19,22,90.625,75,0,1,3,-0.787815153598785
27,2.23000001907349,2.13000011444092,24,26,84.375,100,1,0,5,0.0525210089981556
30,3.79999995231628,3.10999989509583,24,29,93.75,100,0,1,2,0.682773113250732
32,3.53999996185303,2.94000005722046,16,22,100,100,1,0,0,-0.787815153598785
31,3.75,3.52999997138977,26,31,96.875,100,0,1,1,1.10294115543365
32,3.5,2.82999992370605,22,27,100,100,0,1,0,0.262605041265488
29,2.61999988555908,2.66000008583069,26,23,90.625,87.5,0,1,3,-0.577731072902679
24,1.75999999046326,2.11999988555908,23,26,75,50,0,1,8,0.0525210089981556
21,2.35999989509583,2.20000004768372,19,22,65.625,87.5,0,1,11,-0.787815153598785
21,2.46000003814697,2.25,26,24,65.625,100,1,0,11,-0.367647051811218
32,3.73000001907349,3.22000002861023,28,32,100,100,0,1,0,1.31302523612976
28,3.23000001907349,2.95000004768372,21,26,87.5,100,0,1,4,0.0525210089981556
32,2.60999989509583,2.66000008583069,17,31,100,87.5,0,1,0,1.10294115543365
28,2.63000011444092,2.41000008583069,20,25,87.5,100,0,1,4,-0.157563030719757
28,3.07999992370605,2.58999991416931,19,27,87.5,100,0,1,4,0.262605041265488
30,1.37999999523163,2.54999995231628,19,17,93.75,100,0,1,2,-1.83823525905609
30,3.53999996185303,3.48000001907349,28,29,93.75,100,0,1,2,0.682773113250732
28,3.15000009536743,2.91000008583069,23,26,87.5,87.5,1,0,4,0.0525210089981556
29,2.21000003814697,2.27999997138977,18,26,90.625,100,0,1,3,0.0525210089981556
17,2.1800000667572,2.49000000953674,30,24,53.125,62.5,0,0,15,-0.367647051811218
32,3.09999990463257,2.94000005722046,23,25,100,100,0,0,0,-0.157563030719757
26,2.61999988555908,3.10999989509583,27,24,81.25,100,0,1,6,-0.367647051811218
31,2.40000009536743,2.69000005722046,23,28,96.875,100,1,0,1,0.472689062356949
30,3.59999990463257,3.35999989509583,28,21,93.75,100,0,1,2,-0.997899174690247
26,2.03999996185303,2.11999988555908,22,32,81.25,100,0,1,6,1.31302523612976
29,3.11999988555908,2.41000008583069,23,28,90.625,100,0,0,3,0.472689062356949
28,3.19000005722046,2.29999995231628,19,22,87.5,100,0,1,4,-0.787815153598785
25,1.97000002861023,2.0699999332428,24,24,78.125,100,0,1,7,-0.367647051811218
32,3,3.1800000667572,25,33,100,100,0,1,0,1.52310919761658
31,3.35999989509583,2.61999988555908,27,28,96.875,100,1,0,1,0.472689062356949
24,1.78999996185303,1.74000000953674,24,25,75,100,1,0,8,-0.157563030719757
27,2.97000002861023,3.15000009536743,28,27,84.375,100,0,1,5,0.262605041265488
23,2.67000007629395,2.30999994277954,22,27,71.875,87.5,0,1,9,0.262605041265488
29,3.16000008583069,2.83999991416931,20,26,90.625,87.5,0,1,3,0.0525210089981556
26,2.5,2.0699999332428,23,22,81.25,75,0,1,6,-0.787815153598785
22,1.71000003814697,2.13000011444092,20,21,68.75,87.5,0,1,10,-0.997899174690247
29,2.73000001907349,2.54999995231628,24,27,90.625,100,0,1,3,0.262605041265488
29,3.57999992370605,2.78999996185303,28,30,90.625,100,0,0,3,0.892857134342194
27,2.21000003814697,2.39000010490418,20,26,84.375,100,0,1,5,0.0525210089981556
18,1.75,2.19000005722046,22,21,56.25,62.5,0,1,14,-0.997899174690247
27,2.10999989509583,2.14000010490417,20,23,84.375,100,0,1,5,-0.577731072902679
29,4,3.83999991416931,28,37,90.625,87.5,0,1,3,2.36344528198242
23,3.14000010490418,3.21000003814697,22,24,71.875,87.5,0,1,9,-0.367647051811218
25,2.92000007629395,2.6800000667572,20,27,78.125,75,0,1,7,0.262605041265488
28,2.28999996185303,2.46000003814697,19,19,87.5,100,0,1,4,-1.41806721687317
30,2.96000003814697,2.33999991416931,24,25,93.75,100,0,1,2,-0.157563030719757
24,2.0699999332428,2.61999988555908,25,21,75,100,1,0,8,-0.997899174690247
30,1.79999995231628,2.60999989509583,20,30,93.75,100,0,0,2,0.892857134342194
32,3.73000001907349,3.80999994277954,32,38,100,87.5,0,1,0,2.57352948188782
28,2.30999994277954,2.42000007629395,18,19,87.5,100,1,0,4,-1.41806721687317
29,2.39000010490418,2.45000004768372,20,25,90.625,100,0,1,3,-0.157563030719757
25,2.96000003814697,2.9300000667572,28,35,78.125,100,0,1,7,1.94327735900879
31,3.61999988555908,3.48000001907349,24,32,96.875,100,0,1,1,1.31302523612976
31,3.11999988555908,2.96000003814697,22,29,96.875,100,0,1,1,0.682773113250732
30,2.30999994277954,2.35999989509583,19,30,93.75,100,0,1,2,0.892857134342194
23,1.71000003814697,2.89000010490418,24,22,71.875,100,0,1,9,-0.787815153598785
31,2.69000005722046,3.01999998092651,26,29,96.875,75,0,0,1,0.682773113250732
32,2.4300000667572,2.58999991416931,16,21,100,87.5,0,1,0,-0.997899174690247
32,2.54999995231628,2.5699999332428,15,20,100,100,1,0,0,-1.20798313617706
30,2.76999998092651,2.52999997138977,24,29,93.75,100,0,1,2,0.682773113250732
28,3.40000009536743,3.66000008583069,29,26,87.5,100,0,1,4,0.0525210089981556
26,2.5,2.09999990463257,17,21,81.25,87.5,0,0,6,-0.997899174690247
24,3,1.80999994277954,22,30,75,75,0,1,8,0.892857134342194
28,2.25,2.39000010490418,16,19,87.5,100,0,0,4,-1.41806721687317
15,2.5,2.02999997138977,26,24,46.875,50,0,1,17,-0.367647051811218
28,2.04999995231628,2.58999991416931,22,24,87.5,87.5,0,1,4,-0.367647051811218
29,1.37999999523163,1.91999995708466,16,16,90.625,100,1,0,3,-2.0483193397522
27,2.73000001907349,1.85000002384186,23,25,84.375,87.5,1,0,5,-0.157563030719757
28,3.29999995231628,3.53999996185303,26,33,87.5,25,0,0,4,1.52310919761658
31,2.78999996185303,2.5699999332428,19,31,96.875,100,0,1,1,1.10294115543365
29,3.30999994277954,3.26999998092651,26,27,90.625,100,0,1,3,0.262605041265488
30,1.78999996185303,2.44000005722046,20,14,93.75,75,0,1,2,-2.46848750114441
24,2.97000002861023,2.36999988555908,22,31,75,100,1,0,8,1.10294115543365
31,2.13000011444092,2.63000011444092,19,14,96.875,100,0,0,1,-2.46848750114441
28,3.03999996185303,2.6800000667572,25,24,87.5,100,0,0,4,-0.367647051811218
21,2.03999996185303,2.5,18,23,65.625,87.5,1,0,11,-0.577731072902679
26,2.75,2.95000004768372,21,25,81.25,100,0,1,6,-0.157563030719757
32,3.40000009536743,3.16000008583069,25,29,100,100,0,1,0,0.682773113250732
32,2.8199999332428,3.13000011444092,22,19,100,100,0,1,0,-1.41806721687317
21,0.545000016689301,1.98000001907349,18,23,65.625,37.5,1,0,11,-0.577731072902679
9,1.42999994754791,2.02999997138977,28,25,28.125,37.5,0,1,23,-0.157563030719757
26,2.15000009536743,1.92999994754791,16,27,81.25,87.5,1,0,6,0.262605041265488
24,2.53999996185303,1.87999999523163,23,24,75,75,1,0,8,-0.367647051811218
26,2.5,2.85999989509583,23,25,81.25,100,0,1,6,-0.157563030719757
31,2.38000011444092,2.29999995231628,17,25,96.875,100,0,1,1,-0.157563030719757
27,1.66999995708466,2.19000005722046,13,15,84.375,87.5,0,1,5,-2.25840330123901
28,3.21000003814697,2.53999996185303,23,25,87.5,100,1,0,4,-0.157563030719757
32,2.75,2.94000005722046,22,24,100,100,0,1,0,-0.367647051811218
25,2.5,2.9300000667572,25,29,78.125,87.5,0,1,7,0.682773113250732
26,2.90000009536743,2.59999990463257,19,24,81.25,100,1,0,6,-0.367647051811218
27,2.65000009536743,3.25999999046326,20,29,84.375,50,0,0,5,0.682773113250732
32,3.4300000667572,3.28999996185303,20,22,100,100,0,1,0,-0.787815153598785
21,2.84999990463257,2.19000005722046,24,31,65.625,75,1,0,11,1.10294115543365
32,3.21000003814697,3.01999998092651,27,18,100,100,0,1,0,-1.62815129756928
25,2.25,2.08999991416931,20,25,78.125,100,0,1,7,-0.157563030719757
28,2.44000005722046,2.10999989509583,24,22,87.5,100,0,0,4,-0.787815153598785
24,2.76999998092651,2.82999992370605,24,32,75,100,0,1,8,1.31302523612976
23,3.40000009536743,2.34999990463257,21,27,71.875,100,0,0,9,0.262605041265488
31,3.46000003814697,2.38000011444092,23,30,96.875,100,0,1,1,0.892857134342194
32,3.33999991416931,3.14000010490418,25,27,100,100,0,1,0,0.262605041265488
29,2.4300000667572,2.48000001907349,22,22,90.625,75,0,1,3,-0.787815153598785
29,2.71000003814697,2.51999998092651,21,22,90.625,62.5,1,0,3,-0.787815153598785
31,2.10999989509583,2.75999999046326,24,26,96.875,100,0,1,1,0.0525210089981556
29,4,3.70000004768372,24,39,90.625,100,0,0,3,2.78361344337463
24,2.09999990463257,2.07999992370605,22,30,75,100,0,1,8,0.892857134342194
17,2.38000011444092,2.39000010490418,22,24,53.125,62.5,0,1,15,-0.367647051811218
29,2.11999988555908,2.46000003814697,21,18,90.625,100,0,1,3,-1.62815129756928
31,4,3.70000004768372,25,35,96.875,100,0,1,1,1.94327735900879
27,3.03999996185303,1.99000000953674,25,26,84.375,100,0,1,5,0.0525210089981556
20,1.11000001430511,2.57999992370605,25,28,62.5,87.5,0,1,12,0.472689062356949
31,3.13000011444092,2.67000007629395,21,30,96.875,100,0,1,1,0.892857134342194
27,3,1.9099999666214,23,29,84.375,100,1,0,5,0.682773113250732
17,1.79999995231628,1.96000003814697,24,25,53.125,,0,1,15,-0.157563030719757
17,1.67999994754791,2.15000009536743,20,24,53.125,87.5,0,1,15,-0.367647051811218
29,3,2.94000005722046,22,24,90.625,100,1,0,3,-0.367647051811218
27,2.25,2.10999989509583,15,25,84.375,87.5,0,1,5,-0.157563030719757
31,3.25,3.5,25,30,96.875,100,0,1,1,0.892857134342194
12,1.13999998569489,1.8400000333786,22,17,37.5,37.5,0,1,20,-1.83823525905609
27,2.97000002861023,3.09999990463257,24,25,84.375,100,0,1,5,-0.157563030719757
25,1.88999998569489,2.79999995231628,23,25,78.125,100,0,1,7,-0.157563030719757
27,2.67000007629395,1.75999999046326,23,26,84.375,100,1,0,5,0.0525210089981556
26,3.20000004768372,2.97000002861023,22,29,81.25,100,0,0,6,0.682773113250732
27,2.5,2.36999988555908,23,23,84.375,100,1,0,5,-0.577731072902679
23,1.78999996185303,1.67999994754791,21,19,71.875,100,0,1,9,-1.41806721687317
25,2,2.26999998092651,17,22,78.125,87.5,0,1,7,-0.787815153598785
27,3.61999988555908,3.09999990463257,28,32,84.375,87.5,0,1,5,1.31302523612976
28,2.5,2.38000011444092,16,28,87.5,87.5,0,0,4,0.472689062356949
32,3.04999995231628,2.83999991416931,15,24,100,100,0,1,0,-0.367647051811218
28,3.64000010490418,3.69000005722046,26,31,87.5,100,0,1,4,1.10294115543365
26,3.53999996185303,3.36999988555908,25,31,81.25,100,0,1,6,1.10294115543365
23,2.85999989509583,2.17000007629395,23,28,71.875,75,1,0,9,0.472689062356949
32,3.6800000667572,3.59999990463257,23,31,100,100,0,1,0,1.10294115543365
28,3.23000001907349,3.27999997138977,26,29,87.5,100,0,1,4,0.682773113250732
30,3.15000009536743,3.49000000953674,25,18,93.75,100,0,1,2,-1.62815129756928
27,3.10999989509583,2.83999991416931,21,31,84.375,100,0,1,5,1.10294115543365
25,2.58999991416931,2.92000007629395,24,28,78.125,62.5,0,1,7,0.472689062356949
32,2.78999996185303,2.75,24,25,100,100,0,1,0,-0.157563030719757
25,3.03999996185303,3.17000007629395,24,26,78.125,75,0,1,7,0.0525210089981556
27,2.1800000667572,2.44000005722046,22,22,84.375,87.5,1,0,5,-0.787815153598785
28,2.80999994277954,2.34999990463257,22,22,87.5,100,0,0,4,-0.787815153598785
32,2.90000009536743,2.19000005722046,18,24,100,100,0,1,0,-0.367647051811218
30,3.5,3.27999997138977,28,33,93.75,100,0,1,2,1.52310919761658
18,2.17000007629395,2.25,25,36,56.25,87.5,0,1,14,2.15336132049561
15,1.35000002384186,1.5900000333786,31,21,46.875,50,0,1,17,-0.997899174690247
21,0.791999995708466,1.64999997615814,23,23,65.625,62.5,1,0,11,-0.577731072902679
24,3.19000005722046,2.61999988555908,19,34,75,100,1,0,8,1.73319327831268
32,3.38000011444092,3.28999996185303,23,29,100,100,0,1,0,0.682773113250732
18,1.85000002384186,1.42999994754791,25,27,56.25,75,0,0,14,0.262605041265488
24,2.63000011444092,3.39000010490418,24,27,75,75,0,0,8,0.262605041265488
25,2.03999996185303,2.39000010490418,21,22,78.125,100,0,1,7,-0.787815153598785
30,4,2.24000000953674,25,35,93.75,100,0,1,2,1.94327735900879
32,3.85999989509583,3.86999988555908,31,34,100,100,0,1,0,1.73319327831268
32,3.0699999332428,2.90000009536743,18,23,100,100,0,1,0,-0.577731072902679
29,2.65000009536743,2.64000010490418,23,19,90.625,100,0,1,3,-1.41806721687317
10,2.5,2.25,31,35,31.25,37.5,0,1,22,1.94327735900879
27,3.63000011444092,2.1800000667572,23,29,84.375,100,0,0,5,0.682773113250732
19,1.62999999523163,2.46000003814697,23,24,59.375,100,0,1,13,-0.367647051811218
17,2.65000009536743,2.67000007629395,28,26,53.125,87.5,0,1,15,0.0525210089981556
29,2.80999994277954,3.25,22,30,90.625,100,0,1,3,0.892857134342194
26,2.38000011444092,2.4300000667572,23,26,81.25,100,1,0,6,0.0525210089981556
16,1.64999997615814,2.23000001907349,20,22,50,50,1,0,16,-0.787815153598785
18,2.67000007629395,2.63000011444092,24,24,56.25,100,1,0,14,-0.367647051811218
17,1.67999994754791,1.98000001907349,22,13,53.125,75,0,1,15,-2.67857146263123
6,2.30999994277954,1.79999995231628,27,28,18.75,50,0,1,26,0.472689062356949
27,3,2.80999994277954,21,30,84.375,100,1,0,5,0.892857134342194
24,2.64000010490418,2.26999998092651,21,22,75,100,0,1,8,-0.787815153598785
26,2,2.76999998092651,22,19,81.25,100,0,0,6,-1.41806721687317
15,1.62000000476837,2.07999992370605,26,19,46.875,87.5,0,1,17,-1.41806721687317
28,2.69000005722046,2.5,25,28,87.5,100,1,0,4,0.472689062356949
30,3.95000004768372,3.80999994277954,31,36,93.75,100,0,1,2,2.15336132049561
29,1.62000000476837,2.5699999332428,21,25,90.625,62.5,0,0,3,-0.157563030719757
30,2.4300000667572,1.92999994754791,20,17,93.75,100,0,0,2,-1.83823525905609
28,2.5,2.50999999046326,24,28,87.5,100,0,0,4,0.472689062356949
28,3.46000003814697,2,20,35,87.5,100,1,0,4,1.94327735900879
32,3.08999991416931,2.58999991416931,23,33,100,100,0,0,0,1.52310919761658
23,2.32999992370605,2.60999989509583,24,19,71.875,75,0,0,9,-1.41806721687317
12,1.23000001907349,2.50999999046326,25,21,37.5,37.5,0,0,20,-0.997899174690247
26,3.25,2.15000009536743,27,32,81.25,100,0,1,6,1.31302523612976
5,1.76999998092651,1.9099999666214,27,25,15.625,50,0,1,27,-0.157563030719757
30,4,3.92000007629395,29,37,93.75,100,0,1,2,2.36344528198242
25,2.63000011444092,2.83999991416931,25,22,78.125,100,0,1,7,-0.787815153598785
27,3.70000004768372,3.30999994277954,24,31,84.375,100,0,1,5,1.10294115543365
28,1.96000003814697,2.03999996185303,21,17,87.5,87.5,0,1,4,-1.83823525905609
14,1.16999995708466,1.8400000333786,19,28,43.75,50,0,0,18,0.472689062356949
28,2.88000011444092,2.97000002861023,24,27,87.5,100,0,0,4,0.262605041265488
28,2.32999992370605,2.35999989509583,18,22,87.5,100,0,1,4,-0.787815153598785
23,2,2.15000009536743,19,17,71.875,100,0,1,9,-1.83823525905609
28,2.15000009536743,2,20,23,87.5,100,0,1,4,-0.577731072902679
27,1.87999999523163,1.74000000953674,15,27,84.375,87.5,1,0,5,0.262605041265488
32,2.90000009536743,2.70000004768372,21,23,100,100,1,0,0,-0.577731072902679
29,3.5,3.58999991416931,28,35,90.625,100,0,0,3,1.94327735900879
25,2.41000008583069,2.75,21,23,78.125,100,0,0,7,-0.577731072902679
29,2.38000011444092,2.74000000953674,19,25,90.625,100,0,0,3,-0.157563030719757
22,3.03999996185303,2.48000001907349,16,24,68.75,100,0,0,10,-0.367647051811218
31,2.41000008583069,2.48000001907349,27,25,96.875,87.5,0,1,1,-0.157563030719757
29,2.45000004768372,2.44000005722046,18,23,90.625,75,0,1,3,-0.577731072902679
26,3.66000008583069,2.85999989509583,27,30,81.25,87.5,0,1,6,0.892857134342194
10,1.52999997138977,2.01999998092651,28,32,31.25,25,0,1,22,1.31302523612976
27,1.88999998569489,1.97000002861023,21,21,84.375,100,1,0,5,-0.997899174690247
23,3.70000004768372,2.8199999332428,24,34,71.875,100,0,1,9,1.73319327831268
32,4,3.90000009536743,28,38,100,100,0,0,0,2.57352948188782
28,2.32999992370605,2.42000007629395,19,17,87.5,87.5,1,0,4,-1.83823525905609
24,2.84999990463257,2.5,25,31,75,75,0,1,8,1.10294115543365
24,2,2.13000011444092,15,26,75,62.5,0,0,8,0.0525210089981556
30,3.61999988555908,3.79999995231628,27,31,93.75,100,0,1,2,1.10294115543365
31,2.40000009536743,3.01999998092651,23,27,96.875,100,0,1,1,0.262605041265488
30,3.71000003814697,3.5,28,35,93.75,87.5,0,1,2,1.94327735900879
32,3.53999996185303,3.3199999332428,23,32,100,100,0,0,0,1.31302523612976
32,3.5699999332428,2.83999991416931,19,26,100,100,0,1,0,0.0525210089981556
31,3.10999989509583,2.74000000953674,19,24,96.875,87.5,1,0,1,-0.367647051811218
28,2.13000011444092,2.02999997138977,22,19,87.5,87.5,0,1,4,-1.41806721687317
31,3.5,3.23000001907349,24,28,96.875,100,0,1,1,0.472689062356949
27,3.30999994277954,2.19000005722046,27,26,84.375,100,1,0,5,0.0525210089981556
23,2.25,2.24000000953674,21,24,71.875,87.5,0,1,9,-0.367647051811218
25,2.38000011444092,2.15000009536743,23,28,78.125,62.5,1,0,7,0.472689062356949
28,1.46000003814697,2.3199999332428,25,32,87.5,75,0,0,4,1.31302523612976
28,3.03999996185303,2.94000005722046,19,27,87.5,100,0,0,4,0.262605041265488
23,2.6800000667572,2.70000004768372,23,21,71.875,75,0,1,9,-0.997899174690247
14,1.11000001430511,1.20000004768372,25,18,43.75,87.5,1,0,18,-1.62815129756928
27,0.691999971866608,1.74000000953674,21,19,84.375,100,0,1,5,-1.41806721687317
29,2.96000003814697,2.79999995231628,16,23,90.625,100,0,1,3,-0.577731072902679
25,2.36999988555908,2.46000003814697,23,32,78.125,87.5,0,1,7,1.31302523612976
25,2.25,2.20000004768372,19,24,78.125,100,1,0,7,-0.367647051811218
27,2.25,2.59999990463257,26,31,84.375,62.5,0,1,5,1.10294115543365
30,2.5,2.21000003814697,16,29,93.75,87.5,1,0,2,0.682773113250732
28,2,2.17000007629395,18,21,87.5,87.5,0,0,4,-0.997899174690247
26,3,2.59999990463257,23,23,81.25,87.5,0,1,6,-0.577731072902679
6,2.13000011444092,2.94000005722046,28,29,18.75,37.5,0,0,26,0.682773113250732
27,1.23000001907349,2.71000003814697,25,26,84.375,75,0,0,5,0.0525210089981556
26,2,1.79999995231628,16,26,81.25,100,0,1,6,0.0525210089981556
28,3.5,2.58999991416931,19,29,87.5,100,1,0,4,0.682773113250732
17,2,2.64000010490418,24,24,53.125,75,0,1,15,-0.367647051811218
24,2.3199999332428,2.09999990463257,25,30,75,87.5,1,0,8,0.892857134342194
26,1.89999997615814,2.49000000953674,24,20,81.25,87.5,0,1,6,-1.20798313617706
30,2.5,2.4300000667572,22,19,93.75,100,0,1,2,-1.41806721687317
25,3.28999996185303,2.90000009536743,25,35,78.125,75,0,1,7,1.94327735900879
29,2,2.91000008583069,23,20,90.625,75,0,0,3,-1.20798313617706
29,3.41000008583069,2.98000001907349,27,35,90.625,87.5,0,1,3,1.94327735900879
21,1.5,2.39000010490418,19,24,65.625,87.5,0,1,11,-0.367647051811218
29,3.5,3.03999996185303,27,28,90.625,100,1,0,3,0.472689062356949
19,0.566999971866608,1.74000000953674,21,23,59.375,50,1,0,13,-0.577731072902679
29,3.19000005722046,3.5,25,32,90.625,87.5,0,1,3,1.31302523612976
28,1.87999999523163,2.53999996185303,17,20,87.5,100,0,1,4,-1.20798313617706
32,2,2.45000004768372,17,29,100,100,0,1,0,0.682773113250732
26,2.61999988555908,2.98000001907349,31,22,81.25,75,1,0,6,-0.787815153598785
29,2.8199999332428,1.96000003814697,22,26,90.625,87.5,1,0,3,0.0525210089981556
28,3.14000010490418,2.01999998092651,20,20,87.5,100,0,1,4,-1.20798313617706
32,2.84999990463257,1.9099999666214,20,27,100,100,0,1,0,0.262605041265488
31,2.13000011444092,2.29999995231628,17,20,96.875,87.5,0,0,1,-1.20798313617706
27,2.64000010490418,2.55999994277954,19,19,84.375,87.5,1,0,5,-1.41806721687317
27,2.11999988555908,2.21000003814697,20,19,84.375,87.5,0,0,5,-1.41806721687317
24,3.34999990463257,2.11999988555908,17,29,75,100,0,0,8,0.682773113250732
26,2.73000001907349,3.08999991416931,25,22,81.25,100,0,1,6,-0.787815153598785
31,3,1.5,20,22,96.875,100,1,0,1,-0.787815153598785
20,1.75,1.98000001907349,17,22,62.5,87.5,1,0,12,-0.787815153598785
28,2.88000011444092,2.8199999332428,25,21,87.5,100,0,0,4,-0.997899174690247
23,3.23000001907349,3.11999988555908,28,30,71.875,87.5,0,1,9,0.892857134342194
31,2.96000003814697,2.6800000667572,21,24,96.875,100,0,1,1,-0.367647051811218
12,2.3199999332428,2.57999992370605,23,20,37.5,50,0,1,20,-1.20798313617706
29,2.53999996185303,2.25999999046326,21,24,90.625,100,0,1,3,-0.367647051811218
12,0.333000004291534,2.47000002861023,26,23,37.5,,0,0,20,-0.577731072902679
27,1.82000005245209,2.25999999046326,18,17,84.375,100,0,1,5,-1.83823525905609
31,3.33999991416931,3.21000003814697,21,28,96.875,100,0,1,1,0.472689062356949
29,2.90000009536743,2.66000008583069,22,29,90.625,100,0,0,3,0.682773113250732
26,2.92000007629395,3,23,25,81.25,62.5,0,1,6,-0.157563030719757
29,3.16000008583069,3.25,23,26,90.625,100,0,1,3,0.0525210089981556
30,3.04999995231628,2.82999992370605,21,19,93.75,100,0,0,2,-1.41806721687317
22,2.53999996185303,2.83999991416931,22,33,68.75,100,0,1,10,1.52310919761658
29,2.09999990463257,1.95000004768372,22,30,90.625,100,0,0,3,0.892857134342194
30,3.76999998092651,3.52999997138977,25,27,93.75,100,0,0,2,0.262605041265488
15,1.25,1.75,27,28,46.875,25,0,1,17,0.472689062356949
29,2.65000009536743,2.26999998092651,25,17,90.625,100,0,1,3,-1.83823525905609
25,2.29999995231628,2.03999996185303,19,21,78.125,100,0,1,7,-0.997899174690247
29,1.07000005245209,1.32000005245209,21,16,90.625,87.5,1,0,3,-2.0483193397522
25,2.55999994277954,2.71000003814697,24,24,78.125,100,0,0,7,-0.367647051811218
21,2.53999996185303,1.87999999523163,22,30,65.625,62.5,1,0,11,0.892857134342194
31,2.91000008583069,2.67000007629395,23,28,96.875,100,1,0,1,0.472689062356949
26,3,2.92000007629395,19,24,81.25,100,0,0,6,-0.367647051811218
29,2.4300000667572,1.3400000333786,18,21,90.625,100,1,0,3,-0.997899174690247
31,3.21000003814697,2.6800000667572,26,32,96.875,87.5,0,1,1,1.31302523612976
10,1.60000002384186,2.28999996185303,24,17,31.25,50,0,1,22,-1.83823525905609
29,2.84999990463257,2.39000010490418,24,29,90.625,100,0,1,3,0.682773113250732
23,3.02999997138977,3.59999990463257,29,31,71.875,100,0,1,9,1.10294115543365
26,3.03999996185303,2.55999994277954,27,30,81.25,100,0,1,6,0.892857134342194
27,1.69000005722046,2.60999989509583,23,20,84.375,100,0,0,5,-1.20798313617706
27,1.95000004768372,2.75,24,30,84.375,75,1,0,5,0.892857134342194
21,1.92999994754791,2.38000011444092,20,28,65.625,100,0,1,11,0.472689062356949
18,1.80999994277954,2.75,27,27,56.25,62.5,0,1,14,0.262605041265488
27,2.85999989509583,3.13000011444092,21,11,84.375,25,0,1,5,-3.09873938560486
27,3.25,2.63000011444092,26,30,84.375,100,0,1,5,0.892857134342194
28,2.5,2.61999988555908,20,23,87.5,87.5,0,1,4,-0.577731072902679
27,2.39000010490418,2.28999996185303,17,30,84.375,75,1,0,5,0.892857134342194
16,2.52999997138977,2.89000010490418,32,29,50,87.5,0,1,16,0.682773113250732
23,2.65000009536743,1.25,25,29,71.875,87.5,1,0,9,0.682773113250732
22,3.42000007629395,2.50999999046326,23,26,68.75,100,0,0,10,0.0525210089981556
26,2.6800000667572,2.46000003814697,22,24,81.25,100,1,0,6,-0.367647051811218
19,1.78999996185303,1.82000005245209,20,25,59.375,75,0,1,13,-0.157563030719757
9,1.35000002384186,1.51999998092651,27,30,28.125,,1,0,23,0.892857134342194
30,3.38000011444092,3,21,16,93.75,100,0,1,2,-2.0483193397522
4,0.449999988079071,2.14000010490417,27,25,12.5,,0,0,28,-0.157563030719757
32,3.88000011444092,3.23000001907349,22,30,100,100,0,0,0,0.892857134342194
31,2.84999990463257,2.38000011444092,20,29,96.875,100,1,0,1,0.682773113250732
28,2.30999994277954,1.87999999523163,20,24,87.5,87.5,1,0,4,-0.367647051811218
28,2.65000009536743,2.76999998092651,23,28,87.5,100,0,1,4,0.472689062356949
25,2.85999989509583,2.60999989509583,25,25,78.125,62.5,0,0,7,-0.157563030719757
25,1.62999999523163,2.00999999046326,20,27,78.125,25,0,0,7,0.262605041265488
32,3.0699999332428,2.89000010490418,26,31,100,100,0,0,0,1.10294115543365
19,2.11999988555908,2.16000008583069,22,31,59.375,87.5,0,1,13,1.10294115543365
32,4,3.80999994277954,25,36,100,100,0,1,0,2.15336132049561
25,1.96000003814697,2,22,28,78.125,75,1,0,7,0.472689062356949
28,1.76999998092651,1.88999998569489,19,17,87.5,87.5,1,0,4,-1.83823525905609
24,2.69000005722046,2.11999988555908,23,28,75,87.5,0,1,8,0.472689062356949
32,2.97000002861023,2.88000011444092,25,30,100,100,0,0,0,0.892857134342194
31,3.26999998092651,3.04999995231628,22,32,96.875,87.5,0,1,1,1.31302523612976
27,2.30999994277954,2.23000001907349,22,22,84.375,100,0,1,5,-0.787815153598785
30,1.87999999523163,2.10999989509583,22,24,93.75,87.5,0,1,2,-0.367647051811218
27,2.25,2.60999989509583,18,24,84.375,87.5,1,0,5,-0.367647051811218
29,2.75,2.98000001907349,31,35,90.625,75,0,1,3,1.94327735900879
26,1.78999996185303,2.73000001907349,27,24,81.25,75,1,0,6,-0.367647051811218
32,3.85999989509583,3.9300000667572,24,34,100,100,0,1,0,1.73319327831268
21,2.07999992370605,1.99000000953674,24,23,65.625,87.5,0,0,11,-0.577731072902679
28,2.96000003814697,2.75999999046326,23,31,87.5,100,1,0,4,1.10294115543365
26,2.23000001907349,1.83000004291534,18,21,81.25,100,0,1,6,-0.997899174690247
25,2.46000003814697,2.57999992370605,20,21,78.125,100,0,1,7,-0.997899174690247
26,1.70000004768372,2.11999988555908,28,26,81.25,87.5,1,0,6,0.0525210089981556
30,3.13000011444092,2.6800000667572,23,29,93.75,100,1,0,2,0.682773113250732
27,2.38000011444092,2.01999998092651,16,21,84.375,100,0,1,5,-0.997899174690247
16,2.75,2.05999994277954,20,22,50,75,0,1,16,-0.787815153598785
27,2.64000010490418,2.26999998092651,22,19,84.375,100,1,0,5,-1.41806721687317
13,2.46000003814697,3.03999996185303,24,24,40.625,87.5,0,1,19,-0.367647051811218
5,0.666999995708466,1.60000002384186,26,23,15.625,12.5,1,0,27,-0.577731072902679
32,2.8199999332428,2.71000003814697,18,29,100,100,0,1,0,0.682773113250732
11,0,1.74000000953674,24,27,34.375,12.5,0,1,21,0.262605041265488
32,2.6800000667572,1.6599999666214,19,23,100,100,1,0,0,-0.577731072902679
25,0.625,2.22000002861023,23,24,78.125,100,0,0,7,-0.367647051811218
29,2.89000010490418,3.04999995231628,23,25,90.625,100,0,1,3,-0.157563030719757
13,1.96000003814697,2.05999994277954,22,25,40.625,37.5,0,0,19,-0.157563030719757
27,2.47000002861023,2.90000009536743,18,27,84.375,87.5,0,0,5,0.262605041265488
30,3.09999990463257,2.63000011444092,22,25,93.75,100,0,1,2,-0.157563030719757
28,2.15000009536743,2.27999997138977,23,27,87.5,100,1,0,4,0.262605041265488
9,0.321000009775162,1.78999996185303,21,26,28.125,62.5,0,0,23,0.0525210089981556
21,2.70000004768372,2.79999995231628,26,22,65.625,100,0,0,11,-0.787815153598785
30,3.13000011444092,2.91000008583069,26,29,93.75,87.5,0,1,2,0.682773113250732
19,3.11999988555908,1.60000002384186,20,33,59.375,75,1,0,13,1.52310919761658
17,2.63000011444092,1.35000002384186,26,23,53.125,62.5,0,0,15,-0.577731072902679
30,2.96000003814697,3.1800000667572,25,28,93.75,100,0,1,2,0.472689062356949
31,2.79999995231628,2.92000007629395,20,22,96.875,100,0,1,1,-0.787815153598785
31,3.85999989509583,3.04999995231628,27,34,96.875,100,0,0,1,1.73319327831268
29,2.90000009536743,3.08999991416931,24,22,90.625,100,0,1,3,-0.787815153598785
18,2.4300000667572,2.59999990463257,16,29,56.25,37.5,0,1,14,0.682773113250732
30,2.89000010490418,2.4300000667572,17,28,93.75,100,1,0,2,0.472689062356949
24,2.38000011444092,2.67000007629395,25,21,75,75,1,0,8,-0.997899174690247
14,0.866999983787537,1.62999999523163,25,23,43.75,62.5,0,1,18,-0.577731072902679
30,2.5,2.65000009536743,20,24,93.75,100,1,0,2,-0.367647051811218
31,3.54999995231628,3.25,23,27,96.875,100,0,1,1,0.262605041265488
28,3.5,3.65000009536743,20,29,87.5,50,1,0,4,0.682773113250732
30,1.61000001430511,2.04999995231628,23,18,93.75,87.5,0,1,2,-1.62815129756928
27,2.69000005722046,2.16000008583069,23,25,84.375,100,0,1,5,-0.157563030719757
19,2.65000009536743,1.54999995231628,22,34,59.375,62.5,1,0,13,1.73319327831268
29,2.84999990463257,2.75,20,28,90.625,100,0,0,3,0.472689062356949
31,2.25,2.66000008583069,18,25,96.875,100,0,1,1,-0.157563030719757
28,2.96000003814697,2.79999995231628,23,32,87.5,100,0,0,4,1.31302523612976
29,3.64000010490418,3.07999992370605,17,31,90.625,100,0,1,3,1.10294115543365
27,2.63000011444092,2.14000010490417,20,21,84.375,75,0,1,5,-0.997899174690247
29,3.46000003814697,3.49000000953674,27,29,90.625,100,0,0,3,0.682773113250732
12,2,1.42999994754791,25,24,37.5,75,0,0,20,-0.367647051811218
28,2.5,2.4300000667572,19,23,87.5,100,1,0,4,-0.577731072902679
31,2.90000009536743,2.29999995231628,21,16,96.875,100,0,1,1,-2.0483193397522
30,2.76999998092651,2.77999997138977,18,27,93.75,100,0,1,2,0.262605041265488
25,2.28999996185303,2.35999989509583,18,23,78.125,62.5,0,1,7,-0.577731072902679
26,2.5,2.85999989509583,22,23,81.25,87.5,0,0,6,-0.577731072902679
30,2.82999992370605,2.79999995231628,24,25,93.75,100,0,1,2,-0.157563030719757
32,3.0699999332428,2.42000007629395,25,26,100,100,0,1,0,0.0525210089981556
30,3.25,3.88000011444092,26,32,93.75,100,0,1,2,1.31302523612976
26,3.61999988555908,3.27999997138977,29,36,81.25,100,1,0,6,2.15336132049561
30,2.80999994277954,1.98000001907349,15,28,93.75,100,1,0,2,0.472689062356949
32,3,2.96000003814697,19,26,100,100,0,1,0,0.0525210089981556
29,2.69000005722046,2.85999989509583,27,25,90.625,100,0,1,3,-0.157563030719757
28,1.17999994754791,2.16000008583069,22,29,87.5,100,0,1,4,0.682773113250732
31,1.92999994754791,2.29999995231628,19,21,96.875,100,1,0,1,-0.997899174690247
15,0.922999978065491,1.48000001907349,22,19,46.875,12.5,1,0,17,-1.41806721687317
30,3.5,2.98000001907349,26,27,93.75,87.5,0,1,2,0.262605041265488
25,2.78999996185303,3.48000001907349,26,26,78.125,100,0,1,7,0.0525210089981556
15,0.600000023841858,1.66999995708466,24,22,46.875,37.5,0,1,17,-0.787815153598785
28,2.79999995231628,3.91000008583069,26,29,87.5,100,1,0,4,0.682773113250732
32,2.90000009536743,3.25,20,25,100,100,0,0,0,-0.157563030719757
28,2.5,2.25,19,22,87.5,87.5,0,0,4,-0.787815153598785
31,2.59999990463257,2.66000008583069,21,25,96.875,100,0,1,1,-0.157563030719757
15,2.63000011444092,2.48000001907349,27,26,46.875,100,0,1,17,0.0525210089981556
27,2.32999992370605,3.0699999332428,28,28,84.375,62.5,0,1,5,0.472689062356949
30,3.64000010490418,2.5,20,32,93.75,100,0,1,2,1.31302523612976
31,2.78999996185303,2.67000007629395,17,21,96.875,100,1,0,1,-0.997899174690247
16,1.23000001907349,2.95000004768372,27,24,50,12.5,0,1,16,-0.367647051811218
30,2.65000009536743,2.5699999332428,18,25,93.75,100,0,1,2,-0.157563030719757
30,2.39000010490418,2.5,20,23,93.75,75,1,0,2,-0.577731072902679
30,2.63000011444092,2.53999996185303,25,26,93.75,100,1,0,2,0.0525210089981556
28,3.07999992370605,2.17000007629395,21,26,87.5,87.5,1,0,4,0.0525210089981556
30,1.94000005722046,2.66000008583069,23,20,93.75,100,1,0,2,-1.20798313617706
25,2.63000011444092,2.20000004768372,18,25,78.125,100,0,0,7,-0.157563030719757
30,3.03999996185303,3.35999989509583,20,23,93.75,100,0,1,2,-0.577731072902679
16,1.85000002384186,2.24000000953674,23,22,50,37.5,0,1,16,-0.787815153598785
27,2.9300000667572,2.02999997138977,24,28,84.375,37.5,0,1,5,0.472689062356949
24,2.92000007629395,3.09999990463257,22,24,75,100,0,1,8,-0.367647051811218
16,2.20000004768372,2,22,29,50,12.5,0,1,16,0.682773113250732
10,0.800000011920929,1.79999995231628,21,17,31.25,12.5,0,1,22,-1.83823525905609
28,2.25,2.51999998092651,20,24,87.5,75,0,0,4,-0.367647051811218
30,3.47000002861023,2.97000002861023,30,35,93.75,100,0,1,2,1.94327735900879
11,2.04999995231628,2.26999998092651,20,22,34.375,75,1,0,21,-0.787815153598785
27,3.42000007629395,3.13000011444092,25,24,84.375,87.5,1,0,5,-0.367647051811218
27,2.10999989509583,2.16000008583069,25,31,84.375,87.5,0,0,5,1.10294115543365
20,2.47000002861023,2.05999994277954,20,27,62.5,87.5,1,0,12,0.262605041265488
18,1.13999998569489,2.10999989509583,20,18,56.25,37.5,0,1,14,-1.62815129756928
10,0.625,2.00999999046326,22,24,31.25,50,0,1,22,-0.367647051811218
27,3.21000003814697,3.24000000953674,27,22,84.375,100,0,1,5,-0.787815153598785
31,3.76999998092651,3.52999997138977,23,28,96.875,100,0,1,1,0.472689062356949
32,2.85999989509583,2.41000008583069,17,29,100,100,0,1,0,0.682773113250732
30,3.26999998092651,2.61999988555908,24,28,93.75,100,0,1,2,0.472689062356949
31,2.78999996185303,3.13000011444092,25,31,96.875,100,0,0,1,1.10294115543365
32,3.26999998092651,2.95000004768372,22,30,100,100,0,1,0,0.892857134342194
28,2.74000000953674,2.95000004768372,22,26,87.5,87.5,0,0,4,0.0525210089981556
29,3.89000010490418,3.66000008583069,27,28,90.625,100,0,1,3,0.472689062356949
17,2.0699999332428,2.04999995231628,23,24,53.125,62.5,1,0,15,-0.367647051811218
26,3.88000011444092,3.07999992370605,27,36,81.25,100,0,0,6,2.15336132049561
18,2.80999994277954,2.27999997138977,22,24,56.25,87.5,0,1,14,-0.367647051811218
28,2.53999996185303,2.39000010490418,19,22,87.5,100,1,0,4,-0.787815153598785
32,3.75,2.55999994277954,20,29,100,100,1,0,0,0.682773113250732
31,1.75,2.21000003814697,20,23,96.875,100,0,0,1,-0.577731072902679
18,2.79999995231628,2.85999989509583,26,25,56.25,75,0,1,14,-0.157563030719757
24,3.36999988555908,2.95000004768372,26,28,75,75,0,1,8,0.472689062356949
30,3.25,3,21,27,93.75,100,1,0,2,0.262605041265488
31,3.70000004768372,3.41000008583069,28,34,96.875,100,0,1,1,1.73319327831268
32,3.03999996185303,3,21,28,100,100,0,1,0,0.472689062356949
26,1.76999998092651,1.37999999523163,21,21,81.25,100,1,0,6,-0.997899174690247
21,1.87999999523163,2.26999998092651,27,20,65.625,37.5,1,0,11,-1.20798313617706
25,2.39000010490418,2.42000007629395,28,23,78.125,62.5,1,0,7,-0.577731072902679
23,2.97000002861023,2.61999988555908,20,34,71.875,100,0,1,9,1.73319327831268
29,2.42000007629395,3.00999999046326,24,26,90.625,100,0,0,3,0.0525210089981556
16,0.462000012397766,1.95000004768372,19,22,50,62.5,0,0,16,-0.787815153598785
31,3.10999989509583,2.82999992370605,24,25,96.875,100,0,1,1,-0.157563030719757
24,2.88000011444092,3.04999995231628,20,31,75,87.5,0,1,8,1.10294115543365
18,2.09999990463257,2.50999999046326,22,21,56.25,50,0,0,14,-0.997899174690247
17,1.32000005245209,1.48000001907349,23,22,53.125,62.5,0,1,15,-0.787815153598785
29,1.76999998092651,1.94000005722046,20,26,90.625,100,0,1,3,0.0525210089981556
28,2.64000010490418,2.46000003814697,21,26,87.5,100,0,1,4,0.0525210089981556
23,3.34999990463257,3.5,28,26,71.875,87.5,0,1,9,0.0525210089981556
19,1.25,2.1800000667572,23,22,59.375,37.5,0,0,13,-0.787815153598785
31,3.1800000667572,2.48000001907349,21,27,96.875,100,0,0,1,0.262605041265488
18,3.10999989509583,3.32999992370605,27,32,56.25,37.5,0,1,14,1.31302523612976
27,3,2.82999992370605,26,27,84.375,100,0,0,5,0.262605041265488
26,2.65000009536743,2.65000009536743,22,27,81.25,87.5,0,1,6,0.262605041265488
31,2.04999995231628,2.5,15,16,96.875,100,0,1,1,-2.0483193397522
31,3.76999998092651,3.77999997138977,25,34,96.875,100,0,1,1,1.73319327831268
32,3.5699999332428,3.53999996185303,19,26,100,100,0,1,0,0.0525210089981556
29,2.97000002861023,3.0699999332428,27,25,90.625,87.5,0,1,3,-0.157563030719757
30,3.26999998092651,3.72000002861023,28,30,93.75,87.5,0,1,2,0.892857134342194
23,2.46000003814697,2.48000001907349,24,28,71.875,100,0,0,9,0.472689062356949
26,2.75,3.09999990463257,24,26,81.25,100,0,0,6,0.0525210089981556
31,3.4300000667572,3.5,23,26,96.875,100,0,1,1,0.0525210089981556
24,2.73000001907349,1.96000003814697,22,22,75,100,0,1,8,-0.787815153598785
19,0.850000023841858,1.8400000333786,18,26,59.375,50,0,0,13,0.0525210089981556
31,2.60999989509583,2.73000001907349,27,23,96.875,87.5,0,1,1,-0.577731072902679
29,3.41000008583069,3.48000001907349,27,26,90.625,100,0,1,3,0.0525210089981556
25,1,2.30999994277954,18,22,78.125,100,0,1,7,-0.787815153598785
32,2.69000005722046,2.38000011444092,19,19,100,100,0,1,0,-1.41806721687317
32,3.66000008583069,3.60999989509583,22,30,100,100,0,1,0,0.892857134342194
28,3.17000007629395,3.01999998092651,24,27,87.5,100,0,1,4,0.262605041265488
14,1.79999995231628,1.19000005722046,24,29,43.75,62.5,1,0,18,0.682773113250732
