prate,mrate,totpart,totelg,age,totemp,sole,ltotemp
26.1000003814697,0.209999993443489,1653,6322,8,8709,0,9.07211208343506
100,1.41999995708466,262,262,6,315,1,5.75257253646851
97.5999984741211,0.910000026226044,166,170,10,275,1,5.61677122116089
100,0.419999986886978,257,257,7,500,0,6.21460819244385
82.5,0.529999971389771,591,716,28,933,1,6.8384051322937
100,1.82000005245209,92,92,7,143,1,4.96284484863281
100,0.529999971389771,399,399,31,628,1,6.44254016876221
92.5,0.340000003576279,210,227,13,823,0,6.71295642852783
100,0.219999998807907,234,234,21,279,1,5.63121175765991
96.8000030517578,0.600000023841858,120,124,10,141,1,4.94876003265381
83,0.5,156,188,5,252,0,5.52942895889282
100,1.11000001430511,187,187,20,237,1,5.46806001663208
65.5,0.430000007152557,350,534,5,681,1,6.52356243133545
84.9000015258789,0.509999990463257,1519,1790,10,2557,0,7.84659004211426
100,0.189999997615814,150,150,7,187,1,5.23110866546631
100,0.409999996423721,160,160,7,188,1,5.23644208908081
100,0.839999973773956,3448,3448,13,4120,0,8.3236083984375
77.5999984741211,0.46000000834465,225,290,15,341,0,5.83188247680664
100,0.449999988079071,519,519,15,598,0,6.39359092712402
100,1.12999999523163,176,176,8,273,1,5.60947179794312
66.9000015258789,0.479999989271164,79,118,5,224,1,5.41164588928223
100,0.389999985694885,270,270,7,415,0,6.02827835083008
70.3000030517578,0.209999993443489,201,286,7,361,0,5.88887786865234
100,0.949999988079071,381,381,23,422,0,6.04500532150269
51.2999992370606,0.340000003576279,284,554,9,797,1,6.68085479736328
61.2999992370606,0.360000014305115,171,279,15,2102,1,7.65064477920532
88.3000030517578,0.959999978542328,3858,4371,28,4371,0,8.38274669647217
100,0.870000004768372,143,143,8,143,1,4.96284484863281
82.9000015258789,4.19999980926514,107,129,7,131,1,4.8751974105835
77.8000030517578,0.0799999982118607,770,990,6,1042,0,6.94889736175537
100,0.910000026226044,179,179,6,312,1,5.74300336837769
90.0999984741211,0.439999997615814,2803,3110,6,3543,0,8.1727294921875
85.3000030517578,0.620000004768372,93,109,13,158,0,5.06259489059448
100,0.280000001192093,425,425,7,458,0,6.12686920166016
100,0.589999973773956,2027,2027,7,2442,0,7.80057287216187
75.5999984741211,0.300000011920929,438,579,11,1721,0,7.45066070556641
100,0.560000002384186,584,584,7,685,1,6.5294189453125
100,0.649999976158142,1284,1284,5,1559,0,7.35179996490479
100,1.30999994277954,109,109,37,297,1,5.69373226165772
78.1999969482422,0.209999993443489,1017,1301,7,2125,0,7.66152715682983
77.4000015258789,0.409999996423721,209,270,7,381,1,5.94279956817627
100,0.230000004172325,145,145,6,405,0,6.00388717651367
77,0.409999996423721,612,795,12,1125,0,7.02553844451904
100,2.02999997138977,133,133,35,206,1,5.32787609100342
98.9000015258789,0.519999980926514,275,278,42,297,0,5.69373226165772
75.3000030517578,0.389999985694885,192,255,6,1024,0,6.931471824646
77.1999969482422,0.159999996423721,464,601,6,636,0,6.45519876480103
100,0.990000009536743,542,542,9,622,0,6.4329400062561
88.5,0.100000001490116,3107,3510,5,6428,0,8.76841831207275
100,0.0199999995529652,732,732,7,2284,0,7.73368358612061
100,0.879999995231628,173,173,7,322,1,5.77455139160156
42.5,0.28999999165535,316,744,37,775,0,6.65286302566528
100,0.129999995231628,122,122,11,157,1,5.05624580383301
100,1.5900000333786,390,390,32,446,0,6.10031890869141
74.6999969482422,0.5799999833107,2307,3089,36,4067,1,8.31066131591797
37.5,0.28999999165535,1136,3033,6,3351,0,8.11701393127441
78,0.140000000596046,2332,2990,9,9080,1,9.11382961273193
84,0.649999976158142,905,1078,31,1253,1,7.13329601287842
100,2.39000010490418,179,179,6,179,1,5.18738603591919
100,1.13999998569489,307,307,20,411,1,6.01859331130981
84.9000015258789,0.409999996423721,686,808,7,1404,1,7.24708080291748
79.5,0.219999998807907,1634,2055,5,2304,0,7.74240207672119
100,0.449999988079071,118,118,5,149,1,5.00394630432129
100,1.10000002384186,337,337,14,720,1,6.57925128936768
95.8000030517578,0.629999995231628,113,118,6,130,0,4.86753463745117
99.3000030517578,0.490000009536743,599,603,28,665,0,6.49978685379028
81.1999969482422,0.150000005960464,108,133,7,231,1,5.44241762161255
93.5999984741211,0.109999999403954,162,173,27,211,1,5.35185813903809
88.0999984741211,0.239999994635582,222,252,8,425,1,6.05208921432495
100,0.649999976158142,150,150,16,198,1,5.28826713562012
100,1.35000002384186,285,285,10,287,0,5.6594820022583
100,0.200000002980232,2311,2311,5,3062,0,8.02682399749756
81,0.180000007152557,102,126,27,151,1,5.01727962493897
100,1.16999995708466,101,101,8,247,0,5.50938844680786
73.8000030517578,1.12000000476837,357,484,20,24656,1,10.1127758026123
65.6999969482422,0.150000005960464,334,508,6,808,0,6.69456195831299
94.9000015258789,1.6599999666214,1330,1402,27,2437,0,7.79852294921875
38.0999984741211,0.200000002980232,69,181,6,529,1,6.27098846435547
91.9000015258789,0.200000002980232,148,161,11,575,0,6.3543701171875
35.5999984741211,0.189999997615814,678,1904,9,5102,0,8.53738784790039
71.9000015258789,0.219999998807907,1252,1741,5,2896,0,7.97108554840088
77.4000015258789,2.24000000953674,212,274,6,379,0,5.93753623962402
100,0.620000004768372,163,163,11,253,1,5.53338956832886
93.1999969482422,0.439999997615814,1915,2054,8,3400,1,8.13153076171875
84.5999984741211,0.439999997615814,312,369,7,591,0,6.38181591033936
90.3000030517578,0.469999998807907,940,1041,8,1102,0,7.00488185882568
73,0.119999997317791,92,126,8,138,1,4.92725372314453
86.3000030517578,0.439999997615814,320,371,7,482,0,6.17794418334961
95.5999984741211,0.439999997615814,259,271,7,3661,1,8.20549201965332
80.5,4.65999984741211,24772,30767,16,31973,0,10.3726472854614
65.5999984741211,0.259999990463257,80,122,7,306,1,5.72358512878418
37.7000007629395,0.349999994039536,251,665,8,1395,0,7.2406497001648
78.4000015258789,0.230000004172325,254,324,6,391,0,5.96870756149292
61.7000007629395,0.230000004172325,463,750,10,926,1,6.8308744430542
58.7000007629395,0.25,2371,4039,14,4838,0,8.48425674438477
81.0999984741211,0.409999996423721,189,233,8,424,1,6.04973363876343
100,0.689999997615814,427,427,10,3209,1,8.07371425628662
58.4000015258789,0.340000003576279,108,185,5,273,1,5.60947179794312
34.2000007629395,0.209999993443489,230,672,5,798,1,6.6821084022522
100,1.10000002384186,381,381,7,478,1,6.16961050033569
100,0.509999990463257,203,203,9,597,1,6.39191722869873
96,0.5,25828,26906,23,93165,0,11.4421272277832
100,0.230000004172325,753,753,7,945,1,6.8511848449707
100,0.899999976158142,934,934,7,989,0,6.89669418334961
100,0.839999973773956,595,595,5,3076,0,8.03138542175293
100,1.07000005245209,801,801,7,8546,0,9.05321884155273
76.4000015258789,0.439999997615814,1794,2347,8,4230,1,8.34995746612549
100,0.349999994039536,202,202,6,267,1,5.58724880218506
92.6999969482422,0.319999992847443,127,137,7,162,0,5.08759641647339
56.7000007629395,0.28999999165535,161,284,8,1588,0,7.37023067474365
100,1.99000000953674,208,208,6,208,1,5.33753824234009
78.6999969482422,0.129999995231628,207,263,7,359,1,5.88332223892212
74.0999984741211,0.430000007152557,235,317,6,949,1,6.85540866851807
45.5,0.0700000002980232,276,606,7,710,1,6.56526517868042
87.4000015258789,0.330000013113022,188,215,8,1162,1,7.05789804458618
100,0.939999997615814,156,156,7,1249,1,7.13009834289551
86.4000015258789,0.370000004768372,10149,11753,5,15602,0,9.65515422821045
64.5999984741211,0.370000004768372,148,229,13,4228,1,8.34948444366455
93,1,251,270,10,996,1,6.90374708175659
89.5,0.529999971389771,213,238,15,377,1,5.9322452545166
100,1.60000002384186,580,580,33,889,1,6.7900972366333
100,2.40000009536743,154,154,40,199,1,5.29330492019653
100,0.759999990463257,416,416,24,435,1,6.07534599304199
68.5999984741211,0.449999988079071,177,258,18,301,0,5.70711040496826
63.2999992370606,0.280000001192093,927,1465,8,2468,0,7.81116342544556
100,0.699999988079071,1147,1147,25,2174,1,7.68432426452637
89.5999984741211,0.379999995231628,7843,8756,19,19871,0,9.89701652526855
88.8000030517578,0.400000005960465,4402,4956,10,19871,0,9.89701652526855
58.5999984741211,0.180000007152557,184,314,7,644,0,6.46769857406616
100,1.07000005245209,356,356,6,593,1,6.38519430160523
100,0.200000002980232,3701,3701,33,6769,0,8.82010841369629
100,0.620000004768372,241,241,7,373,1,5.9215784072876
56.2000007629395,0.180000007152557,406,723,6,1035,0,6.94215679168701
100,0.850000023841858,122,122,35,196,1,5.27811479568481
61.7999992370606,0.449999988079071,792,1281,6,1843,0,7.51914978027344
75.6999969482422,0.300000011920929,184,243,7,271,0,5.60211896896362
100,0.389999985694885,104,104,27,207,1,5.33271884918213
100,0.469999998807907,2014,2014,8,3511,0,8.16365623474121
100,0.109999999403954,114,114,7,134,1,4.89784002304077
100,0.8299999833107,206,206,31,290,1,5.6698808670044
61.2000007629395,0.740000009536743,8322,13591,7,17986,0,9.79734897613525
100,1.14999997615814,411,411,26,690,1,6.53669166564941
100,0.600000023841858,556,556,16,891,0,6.79234457015991
100,0.180000007152557,125,125,5,204,0,5.31812000274658
68,0.25,385,566,5,879,0,6.77878475189209
79.8000030517578,0.360000014305115,285,357,6,639,0,6.45990467071533
59.4000015258789,0.300000011920929,368,620,5,903,0,6.80572271347046
100,1.4099999666214,149,149,8,250,1,5.52146100997925
61.5999984741211,0.200000002980232,178,289,8,599,0,6.39526176452637
81,0.779999971389771,328,405,20,609,0,6.4118185043335
33.5,0.46000000834465,85,254,9,425,1,6.05208921432495
65.0999984741211,0.109999999403954,10327,15857,8,41926,0,10.6436614990234
100,1.08000004291534,277,277,26,465,1,6.1420373916626
83.6999969482422,0.310000002384186,1626,1943,24,2364,0,7.76811027526856
89.8000030517578,0.170000001788139,115,128,7,225,0,5.41610050201416
100,0.379999995231628,174,174,7,545,1,6.30078601837158
75.8000030517578,0.259999990463257,424,559,7,780,0,6.65929412841797
66.5999984741211,0.150000005960464,702,1054,9,1145,0,7.04315996170044
85.0999984741211,0.100000001490116,549,645,29,1053,1,6.95939874649048
100,0.529999971389771,231,231,5,278,0,5.62762117385864
100,0.819999992847443,148,148,5,189,1,5.24174690246582
90.5,0.439999997615814,344,380,19,479,1,6.1717004776001
100,0.990000009536743,76,76,7,4198,1,8.34236335754395
67.5999984741211,0.769999980926514,583,863,8,978,0,6.8855094909668
100,4.05999994277954,343,343,7,3290,1,8.09864330291748
75,0.200000002980232,645,860,11,1015,0,6.92264366149902
100,0.740000009536743,250,250,25,441,1,6.08904504776001
89.9000015258789,0.389999985694885,116,129,7,177,0,5.17614984512329
100,0.430000007152557,596,596,11,781,1,6.6605749130249
100,0.129999995231628,412,412,8,412,0,6.02102327346802
100,0.209999993443489,235,235,20,768,0,6.64378976821899
66.9000015258789,0.680000007152557,113,169,5,176,1,5.17048406600952
89.3000030517578,0.529999971389771,536,600,18,790,1,6.67203283309937
100,1.89999997615814,126,126,15,750,1,6.62007331848145
81.5,0.839999973773956,4432,5440,8,10683,0,9.27640914916992
80.9000015258789,0.419999986886978,5138,6353,13,7428,0,8.91301155090332
87.5999984741211,0.629999995231628,99,113,20,154,1,5.03695249557495
77,0.550000011920929,151,196,12,221,0,5.39816284179688
99.5,0.959999978542328,219,220,7,256,1,5.5451774597168
97.6999969482422,0.519999980926514,213,218,6,250,1,5.52146100997925
100,4.30999994277954,292,292,23,429,0,6.06145715713501
100,1.26999998092651,165,165,5,214,1,5.36597585678101
58.7999992370606,0.319999992847443,1096,1864,9,8470,0,9.04428577423096
100,0.560000002384186,293,293,6,412,1,6.02102327346802
100,0.28999999165535,65,65,20,118,1,4.77068471908569
93.0999984741211,0.569999992847443,511,549,9,584,1,6.36990118026733
100,1.26999998092651,165,165,13,207,1,5.33271884918213
100,0.349999994039536,175,175,19,207,1,5.33271884918213
100,0.379999995231628,146,146,5,192,1,5.2574954032898
100,0.660000026226044,121,121,19,207,0,5.33271884918213
56.4000015258789,0.200000002980232,472,837,12,1522,1,7.32778072357178
87.3000030517578,0.280000001192093,1832,2098,10,3450,1,8.1461296081543
100,0.670000016689301,249,249,16,764,1,6.63856792449951
22.1000003814697,0.109999999403954,166,752,7,3537,1,8.17103385925293
48.5999984741211,0.189999997615814,402,828,5,1200,0,7.09007692337036
100,0.5,166,166,7,247,1,5.50938844680786
65.0999984741211,0.629999995231628,3205,4926,10,31859,0,10.3690748214722
100,0.469999998807907,534,534,7,860,1,6.75693225860596
83.4000015258789,0.439999997615814,2495,2991,32,5277,0,8.57111263275147
100,0.779999971389771,152,152,11,389,1,5.96357917785645
100,0.469999998807907,198,198,8,308,1,5.73009967803955
55.7000007629395,0.200000002980232,141,253,6,307,0,5.72684764862061
100,0.430000007152557,215,215,8,600,1,6.39692974090576
100,1.79999995231628,139,139,12,204,1,5.31812000274658
100,1.24000000953674,360,360,8,783,1,6.6631326675415
100,3.16000008583069,247,247,11,268,1,5.59098720550537
55.0999984741211,0.209999993443489,102,185,7,237,1,5.46806001663208
100,1.25,99,99,9,151,0,5.01727962493897
71.4000015258789,0.620000004768372,267,374,5,416,1,6.03068542480469
78.3000030517578,0.5,382,488,7,654,1,6.4831075668335
100,0.509999990463257,574,574,13,831,1,6.7226300239563
100,0.769999980926514,306,306,11,545,1,6.30078601837158
100,0.400000005960465,3030,3030,6,4075,0,8.31262588500977
99.0999984741211,0.280000001192093,111,112,11,144,1,4.96981334686279
100,1.01999998092651,560,560,8,2409,0,7.7869668006897
78.5,0.340000003576279,197,251,9,264,1,5.57594919204712
64.9000015258789,0.469999998807907,181,279,5,309,1,5.73334121704102
77.5,0.600000023841858,110,142,7,190,1,5.24702405929565
58.5999984741211,0.370000004768372,140,239,7,695,0,6.54391193389893
100,0.189999997615814,142,142,5,171,1,5.14166355133057
80,0.200000002980232,557,696,6,889,0,6.7900972366333
100,0.469999998807907,409,409,6,796,1,6.67959928512573
100,0.689999997615814,161,161,5,323,1,5.77765226364136
100,1.23000001907349,265,265,6,265,1,5.57973003387451
42.0999984741211,0.189999997615814,1217,2892,6,5036,0,8.5243673324585
100,2.89000010490418,247,247,8,333,1,5.80814266204834
73.4000015258789,0.400000005960465,91,124,5,173,1,5.15329170227051
77.5,0.100000001490116,179,231,5,409,1,6.0137152671814
100,0.550000011920929,852,852,5,852,1,6.74758672714233
59.0999984741211,0.419999986886978,272,460,8,1521,1,7.32712316513062
75.3000030517578,0.469999998807907,440,584,6,753,1,6.62406539916992
92.1999969482422,0.620000004768372,379,411,17,468,1,6.14846849441528
82.5999984741211,0.639999985694885,176,213,30,254,0,5.53733444213867
89.8000030517578,0.230000004172325,132,147,24,540,0,6.29156923294067
95.3000030517578,0.409999996423721,123,129,5,491,0,6.19644403457642
47.2999992370606,0.419999986886978,156,330,7,384,0,5.9506425857544
78.5999984741211,0.200000002980232,971,1236,5,4195,0,8.34164905548096
75.5,0.239999994635582,880,1165,20,1306,0,7.17472410202026
100,0.819999992847443,470,470,16,569,0,6.34388065338135
90.6999969482422,0.400000005960465,165,182,10,268,0,5.59098720550537
97.1999969482422,0.239999994635582,106,109,10,124,0,4.82028150558472
60.5999984741211,0.189999997615814,197,325,6,975,1,6.88243770599365
87.0999984741211,0.230000004172325,546,627,6,694,0,6.54247188568115
100,0.959999978542328,93,93,15,104,1,4.64439105987549
79,0.159999996423721,454,575,8,880,0,6.7799220085144
100,1.70000004768372,257,257,7,307,1,5.72684764862061
100,0.699999988079071,213,213,7,720,1,6.57925128936768
100,0.670000016689301,104,104,7,116,1,4.75359010696411
48.5999984741211,0.469999998807907,134,276,6,287,1,5.6594820022583
100,1.3400000333786,115,115,23,194,1,5.26785802841187
100,1.01999998092651,123,123,15,244,1,5.49716806411743
92.6999969482422,0.219999998807907,102,110,9,174,1,5.15905523300171
100,2.59999990463257,132,132,20,205,1,5.32300996780396
100,0.170000001788139,163,163,23,394,0,5.97635078430176
100,1.32000005245209,119,119,8,244,1,5.49716806411743
68.6999969482422,0.0700000002980232,572,833,22,833,0,6.7250337600708
100,1.33000004291534,156,156,23,227,0,5.42495012283325
100,1.44000005722046,97,97,16,306,1,5.72358512878418
100,1.23000001907349,2097,2097,10,2868,0,7.96136999130249
100,2.33999991416931,138,138,5,237,1,5.46806001663208
100,2.61999988555908,51200,51200,17,51200,1,10.8434944152832
100,0.389999985694885,136,136,14,334,1,5.81114101409912
100,1.42999994754791,210,210,8,256,1,5.5451774597168
100,0.0500000007450581,234,234,17,1107,1,7.00940895080566
100,4.6399998664856,114,114,6,185,1,5.22035598754883
100,0.259999990463257,161,161,6,737,0,6.60258769989014
100,2.50999999046326,244,244,5,244,1,5.49716806411743
100,0.639999985694885,355,355,5,440,0,6.08677482604981
100,0.879999995231628,403,403,5,437,0,6.07993316650391
100,1.29999995231628,203,203,8,253,1,5.53338956832886
100,0.589999973773956,159,159,5,183,1,5.20948600769043
94.5,0.28999999165535,596,631,7,631,0,6.44730567932129
100,0.519999980926514,257,257,7,259,1,5.55682802200317
100,0.170000001788139,2972,2972,6,4197,0,8.34212493896484
100,0.469999998807907,389,389,5,531,1,6.27476215362549
78,0.560000002384186,568,728,12,3924,0,8.27486705780029
88.5,0.430000007152557,1899,2146,6,2153,0,7.67461729049683
100,0.150000005960464,261,261,7,739,0,6.60529804229736
99.9000015258789,0.360000014305115,847,848,8,976,1,6.88346242904663
100,0.370000004768372,637,637,22,751,0,6.62140560150147
100,0.200000002980232,100,100,5,147,1,4.99043273925781
75.6999969482422,0.219999998807907,2572,3399,9,14204,0,9.561279296875
100,1.6599999666214,224,224,21,332,0,5.8051347732544
66.5999984741211,0.370000004768372,251,377,7,1524,0,7.32909393310547
75.9000015258789,0.419999986886978,472,622,7,812,0,6.6995005607605
93.8000030517578,0.200000002980232,105,112,6,142,0,4.95582723617554
86.5999984741211,0.109999999403954,596,688,10,919,0,6.82328605651856
100,1.07000005245209,103,103,9,106,1,4.66343927383423
100,0.370000004768372,437,437,7,446,0,6.10031890869141
100,0.730000019073486,616,616,7,639,1,6.45990467071533
64.9000015258789,0.419999986886978,96,148,20,225,1,5.41610050201416
100,2.52999997138977,134,134,9,191,1,5.25227355957031
100,0.300000011920929,2851,2851,7,4044,0,8.3049898147583
100,0.389999985694885,381,381,7,561,0,6.32972097396851
75.3000030517578,0.430000007152557,290,385,24,1108,0,7.0103120803833
96.8000030517578,0.180000007152557,274,283,8,315,0,5.75257253646851
100,0.28999999165535,433,433,9,471,0,6.15485811233521
49.5999984741211,1.45000004768372,137,276,11,328,0,5.79301357269287
42.4000015258789,0.639999985694885,772,1821,8,2048,0,7.6246190071106
100,0.25,182,182,21,635,1,6.45362520217896
100,0.629999995231628,214,214,20,268,0,5.59098720550537
100,0.319999992847443,249,249,7,308,1,5.73009967803955
83.6999969482422,0.150000005960464,431,515,15,600,0,6.39692974090576
83.5,0.670000016689301,71,85,6,101,1,4.61512041091919
85.0999984741211,0.230000004172325,131,154,4,285,1,5.65248918533325
80.5999984741211,0.419999986886978,1409,1748,14,3138,0,8.05134105682373
100,0.0299999993294477,255,255,25,266,0,5.58349609375
100,0.870000004768372,126,126,7,233,1,5.4510383605957
77.4000015258789,0.219999998807907,702,907,6,1334,0,7.19593715667725
82.5,3.99000000953674,2492,3022,9,3904,0,8.26975727081299
100,1.11000001430511,4252,4252,33,4483,0,8.40804767608643
100,0.0900000035762787,483,483,9,546,1,6.30261898040772
48.7999992370606,0.230000004172325,690,1413,5,4100,1,8.31874179840088
100,0.0799999982118607,105,105,5,156,1,5.04985618591309
73.5,0.310000002384186,186,253,13,260,0,5.56068181991577
100,0.680000007152557,1051,1051,5,1094,0,6.99759578704834
82,0.409999996423721,937,1142,28,6179,0,8.72891139984131
100,0.800000011920929,547,547,20,869,1,6.76734304428101
77.1999969482422,0.740000009536743,982,1272,10,1719,0,7.44949817657471
100,1.41999995708466,104,104,8,141,1,4.94876003265381
90.6999969482422,0.360000014305115,411,453,5,1380,1,7.22983884811401
100,0.889999985694885,1275,1275,8,2473,1,7.81318712234497
83.5999984741211,0.209999993443489,138,165,7,1990,1,7.59589004516602
100,1.0900000333786,252,252,7,254,0,5.53733444213867
46.9000015258789,0.25,345,736,7,1131,1,7.0308575630188
91.1999969482422,0.670000016689301,198,217,9,313,0,5.74620342254639
76.5,0.469999998807907,297,388,5,703,0,6.55535697937012
72.3000030517578,0.46000000834465,427,591,8,663,1,6.49677515029907
96.5,0.72000002861023,245,254,9,348,1,5.85220241546631
82.1999969482422,0.270000010728836,245,298,7,469,1,6.1506028175354
100,0.439999997615814,87,87,16,117,0,4.76217412948608
100,1.58000004291534,123,123,10,123,1,4.81218433380127
100,0.330000013113022,109,109,7,161,1,5.08140420913696
100,0.920000016689301,108,108,7,278,1,5.62762117385864
100,0.709999978542328,174,174,7,241,1,5.48479700088501
100,0.550000011920929,460,460,5,705,1,6.55819797515869
100,2.1800000667572,826,826,7,2262,1,7.7240047454834
100,0.370000004768372,246,246,6,309,0,5.73334121704102
89.4000015258789,1.39999997615814,152,170,6,181,1,5.19849681854248
100,1.48000001907349,129,129,7,795,1,6.67834234237671
96,2,753,784,16,1003,0,6.91075086593628
100,0.819999992847443,380,380,6,1929,0,7.56475687026978
100,3.80999994277954,1989,1989,6,3924,0,8.27486705780029
100,0.419999986886978,155,155,8,210,1,5.34710741043091
100,0.529999971389771,93,93,9,262,1,5.5683445930481
100,1.07000005245209,892,892,16,1334,1,7.19593715667725
100,0.970000028610229,884,884,39,1191,0,7.08254861831665
97.4000015258789,0.5,518,532,35,1922,0,7.56112146377564
100,0.490000009536743,1320,1320,7,1888,0,7.54327344894409
93.6999969482422,0.360000014305115,699,746,7,1011,0,6.9186954498291
74,0.239999994635582,1232,1664,6,3733,1,8.22496700286865
91.5999984741211,0.75,536,585,5,894,0,6.79570579528809
100,0.25,262,262,6,305,0,5.72031164169312
98.5999984741211,0.370000004768372,207,210,21,312,1,5.74300336837769
77.9000015258789,0.370000004768372,1170,1501,6,1782,0,7.48549175262451
92.3000030517578,0.730000019073486,322,349,37,492,1,6.19847869873047
100,0.409999996423721,634,634,7,2839,0,7.95120716094971
100,2,188,188,29,283,1,5.64544677734375
100,0.389999985694885,178,178,36,178,1,5.18178367614746
91.6999969482422,0.109999999403954,210,229,29,783,1,6.6631326675415
99.8000030517578,1.53999996185303,475,476,16,681,1,6.52356243133545
98.6999969482422,1.23000001907349,155,157,16,231,1,5.44241762161255
100,1.46000003814697,971,971,8,12210,1,9.41001033782959
59.7999992370606,0.259999990463257,974,1629,9,1826,1,7.50988292694092
100,0.889999985694885,908,908,14,995,0,6.90274286270142
21,0.170000001788139,2577,12291,24,20928,0,9.94884300231934
100,0.219999998807907,251,251,22,363,1,5.89440298080444
100,0.119999997317791,131,131,9,922,1,6.82654523849487
78,0.170000001788139,213,273,5,287,1,5.6594820022583
72,0.219999998807907,683,949,7,2977,0,7.99867153167725
100,0.239999994635582,114,114,6,247,1,5.50938844680786
90.8000030517578,1.26999998092651,128,141,6,141,1,4.94876003265381
100,1.02999997138977,102,102,9,119,1,4.77912330627441
100,3.45000004768372,212,212,6,232,1,5.44673728942871
100,1.99000000953674,190,190,8,211,1,5.35185813903809
73.6999969482422,0.349999994039536,168,228,7,349,1,5.85507202148438
100,1.67999994754791,555,555,18,2691,1,7.89766836166382
100,0.140000000596046,1655,1655,6,2555,0,7.84580755233765
100,0.330000013113022,148,148,5,233,1,5.4510383605957
100,0.100000001490116,105,105,7,105,1,4.65396022796631
76.3000030517578,0.300000011920929,161,211,8,856,0,6.75227022171021
54.0999984741211,0.219999998807907,482,891,6,3277,0,8.09468364715576
76.5,0.25,127,166,5,225,0,5.41610050201416
95.1999969482422,0.519999980926514,99,104,6,317,1,5.75890159606934
92,0.0599999986588955,613,666,15,1368,0,7.22110509872437
100,0.509999990463257,284,284,6,340,0,5.82894563674927
100,0.870000004768372,183,183,9,221,1,5.39816284179688
74.4000015258789,0.180000007152557,232,312,7,925,0,6.82979393005371
48.9000015258789,0.00999999977648258,116,237,7,2114,1,7.65633726119995
100,1.70000004768372,231,231,8,231,1,5.44241762161255
100,1.87000000476837,333,333,6,1687,1,7.43070697784424
100,0.529999971389771,201,201,7,607,1,6.40852880477905
32.5,0.230000004172325,50,154,6,173,1,5.15329170227051
59.2000007629395,0.200000002980232,177,299,34,404,0,6.00141477584839
100,0.509999990463257,340,340,27,399,0,5.9889612197876
100,2.45000004768372,143,143,23,207,0,5.33271884918213
74.5,1.64999997615814,602,808,8,1116,0,7.01750612258911
100,0.330000013113022,2325,2325,21,5158,1,8.54830455780029
87.8000030517578,0.46000000834465,201,229,8,511,0,6.23636960983276
73.6999969482422,0.660000026226044,435,590,10,831,0,6.7226300239563
87.0999984741211,0.560000002384186,1169,1342,10,1706,0,7.44190692901611
75.1999969482422,0.300000011920929,465,618,19,673,0,6.51174545288086
99,0.620000004768372,104,105,10,117,1,4.76217412948608
100,0.389999985694885,213,213,14,848,0,6.74288082122803
89.8000030517578,0.430000007152557,202,225,6,570,1,6.34563636779785
81,0.360000014305115,383,473,22,623,1,6.43454647064209
63.7000007629395,0.400000005960465,135,212,5,274,1,5.61312818527222
100,1.14999997615814,1691,1691,7,2465,0,7.80994701385498
100,0.280000001192093,651,651,21,741,1,6.60800075531006
100,1.10000002384186,238,238,17,266,1,5.58349609375
100,0.100000001490116,384,384,7,798,0,6.6821084022522
100,0.209999993443489,232,232,7,396,0,5.98141431808472
100,1.4099999666214,317,317,15,1331,1,7.19368600845337
100,0.980000019073486,327,327,7,640,1,6.46146821975708
100,0.430000007152557,250,250,5,533,1,6.27852153778076
95.9000015258789,0.72000002861023,844,880,8,1040,1,6.94697618484497
100,0.529999971389771,172,172,8,233,0,5.4510383605957
80.6999969482422,0.689999997615814,384,476,6,626,1,6.43935060501099
96.3000030517578,0.219999998807907,363,377,5,658,1,6.48920488357544
95.6999969482422,1.75999999046326,179,187,6,1241,0,7.12367296218872
100,1.25999999046326,108,108,9,185,1,5.22035598754883
83.9000015258789,0.340000003576279,302,360,8,731,0,6.59441328048706
100,0.280000001192093,558,558,6,1939,1,7.56992769241333
61.2000007629395,0.389999985694885,161,263,7,364,0,5.89715385437012
100,0.209999993443489,252,252,5,278,0,5.62762117385864
98.0999984741211,1.35000002384186,259,264,9,316,0,5.75574207305908
75.3000030517578,0.620000004768372,731,971,11,1142,0,7.04053640365601
100,4.3600001335144,109,109,29,139,1,4.93447399139404
99.0999984741211,0.479999989271164,108,109,10,117,1,4.76217412948608
38.7000007629395,0.519999980926514,118,305,7,341,1,5.83188247680664
84.5,0.810000002384186,163,193,14,323,1,5.77765226364136
74,0.219999998807907,344,465,7,913,0,6.81673574447632
100,0.0399999991059303,125,125,8,185,1,5.22035598754883
100,0.0299999993294477,220,220,6,412,0,6.02102327346802
96.0999984741211,0.670000016689301,442,460,24,1175,1,7.06902360916138
100,2.10999989509583,1960,1960,12,5155,1,8.54772281646729
92.3000030517578,0.439999997615814,192,208,7,223,0,5.40717172622681
100,1,11008,11008,27,31886,0,10.3699226379395
94.4000015258789,0.689999997615814,168,178,10,364,1,5.89715385437012
39.4000015258789,0.270000010728836,263,667,5,944,0,6.85012626647949
96.1999969482422,0.319999992847443,254,264,7,1697,0,7.43661737442017
100,0.189999997615814,552,552,16,999,0,6.90675497055054
73.9000015258789,0.600000023841858,266,360,16,516,1,6.24610662460327
89,0.46000000834465,938,1054,36,1064,0,6.9697904586792
100,0.469999998807907,1174,1174,6,1380,0,7.22983884811401
99.9000015258789,0.8299999833107,3655,3659,15,3725,0,8.22282218933106
59.0999984741211,1.12000000476837,198,335,36,411,0,6.01859331130981
68.5,0.449999988079071,304,444,6,505,0,6.22455835342407
89.9000015258789,0.469999998807907,402,447,6,561,0,6.32972097396851
88,0.180000007152557,191,217,7,302,1,5.71042680740356
92.9000015258789,0.769999980926514,105,113,11,180,1,5.19295692443848
100,0.790000021457672,3333,3333,7,5062,0,8.52951717376709
100,0.119999997317791,269,269,8,340,1,5.82894563674927
85.0999984741211,0.419999986886978,114,134,7,144,0,4.96981334686279
100,1.87000000476837,938,938,7,1652,0,7.40974187850952
100,0.409999996423721,198,198,5,244,0,5.49716806411743
100,0.730000019073486,3941,3941,24,5349,1,8.58466529846191
59,0.870000004768372,1136,1926,35,3566,0,8.17920017242432
97.8000030517578,0.5799999833107,616,630,15,630,0,6.44571971893311
78.8000030517578,0.819999992847443,215,273,5,358,0,5.88053321838379
65.5,0.409999996423721,116,177,7,191,0,5.25227355957031
92.9000015258789,0.8299999833107,117,126,13,208,1,5.33753824234009
85.5999984741211,0.159999996423721,255,298,7,63681,1,11.0616416931152
66.5999984741211,0.490000009536743,613,920,6,4628,1,8.43988037109375
83.6999969482422,0.300000011920929,642,767,26,2617,0,7.86978387832642
87.4000015258789,0.449999988079071,118,135,7,212,0,5.35658645629883
100,0.0599999986588955,667,667,7,737,0,6.60258769989014
100,0.970000028610229,110,110,19,111,1,4.70953035354614
85.5,0.670000016689301,2294,2683,10,2683,0,7.894690990448
39.5999984741211,0.259999990463257,593,1498,6,1580,0,7.36518001556397
66.5999984741211,0.689999997615814,383,575,16,626,1,6.43935060501099
64.5999984741211,0.150000005960464,73,113,5,201,1,5.30330467224121
98.9000015258789,0.479999989271164,1397,1413,11,1877,1,7.53742980957031
100,1.53999996185303,597,597,20,642,0,6.4645881652832
100,0.400000005960465,198,198,19,279,0,5.63121175765991
92.5,0.230000004172325,2091,2261,6,2442,0,7.80057287216187
95.5999984741211,0.569999992847443,2177,2278,7,2309,0,7.74456977844238
100,0.810000002384186,99,99,5,100,1,4.60517024993897
97.6999969482422,0.629999995231628,171,175,8,232,1,5.44673728942871
88.0999984741211,2,297,337,7,395,0,5.97888565063477
100,0.159999996423721,100,100,19,121,1,4.79579067230225
100,1.21000003814697,300,300,7,5928,1,8.6874418258667
74.5999984741211,0.389999985694885,209,280,22,294,0,5.68357992172241
76.5,0.800000011920929,1823,2383,6,3374,0,8.123854637146
99,1.48000001907349,197,199,5,219,1,5.38907194137573
100,0.5799999833107,4066,4066,7,5800,0,8.66561317443848
72.8000030517578,0.519999980926514,209,287,13,291,1,5.67332315444946
93,0.490000009536743,239,257,19,257,1,5.54907608032227
100,0.930000007152557,96,96,8,121,1,4.79579067230225
100,0.430000007152557,686,686,7,821,0,6.71052312850952
100,0.550000011920929,12060,12060,48,43436,0,10.6790437698364
85.6999969482422,0.140000000596046,240,280,16,511,1,6.23636960983276
100,0.5,6524,6524,16,7373,0,8.90557956695557
100,0.910000026226044,239,239,6,428,1,6.05912303924561
73.1999969482422,0.899999976158142,235,321,9,321,0,5.7714409828186
97.8000030517578,0.479999989271164,3649,3731,10,3742,0,8.22737503051758
87.6999969482422,0.730000019073486,1808,2061,36,2136,0,7.66669034957886
43.0999984741211,0.419999986886978,889,2061,8,2136,0,7.66669034957886
100,0.409999996423721,381,381,16,403,0,5.99893665313721
81.0999984741211,2.21000003814697,13635,16812,39,21524,0,9.97692394256592
85.5,0.439999997615814,189,221,8,714,1,6.57088279724121
72.9000015258789,0.219999998807907,164,225,14,225,0,5.41610050201416
91,0.119999997317791,352,387,7,599,0,6.39526176452637
100,0.159999996423721,106,106,18,156,1,5.04985618591309
94,1,249,265,31,359,1,5.88332223892212
100,1.76999998092651,366,366,8,427,1,6.05678415298462
77.3000030517578,0.75,2171,2807,25,3929,0,8.2761402130127
78.5,0.610000014305115,175,223,7,3929,0,8.2761402130127
56.2999992370606,0.310000002384186,426,756,16,834,1,6.72623348236084
89.6999969482422,0.680000007152557,87,97,24,115,0,4.74493217468262
92.1999969482422,0.310000002384186,341,370,31,419,1,6.03787088394165
100,0.389999985694885,535,535,12,1649,0,7.40792417526245
100,0.46000000834465,642,642,8,1521,0,7.32712316513062
70.6999969482422,0.569999992847443,289,409,8,737,0,6.60258769989014
100,0.0399999991059303,178,178,33,199,1,5.29330492019653
65,0.550000011920929,748,1150,18,1198,0,7.08840894699097
75.6999969482422,0.330000013113022,1212,1601,5,1765,0,7.47590589523315
100,0.0299999993294477,6925,6925,8,8291,0,9.02292633056641
71.6999969482422,0.959999978542328,104,145,7,291,1,5.67332315444946
91.5999984741211,2.08999991416931,120,131,5,195,1,5.27299976348877
100,0.340000003576279,236,236,11,258,0,5.55295944213867
57.7999992370606,0.0399999991059303,63,109,8,355,1,5.87211799621582
84.1999969482422,0.219999998807907,218,259,19,2843,1,7.95261526107788
94.1999969482422,1.02999997138977,114,121,7,141,1,4.94876003265381
95,0.660000026226044,1088,1145,25,1352,0,7.20934009552002
100,2.78999996185303,134,134,23,147,1,4.99043273925781
19.2999992370605,0.540000021457672,51,264,25,290,0,5.6698808670044
86.0999984741211,0.600000023841858,118,137,20,160,0,5.07517385482788
82,0.170000001788139,273,333,7,456,0,6.12249279022217
68.8000030517578,0.569999992847443,106,154,6,252,0,5.52942895889282
83.1999969482422,0.170000001788139,129,155,7,199,1,5.29330492019653
85.1999969482422,0.879999995231628,167,196,13,271,1,5.60211896896362
100,0.8299999833107,1152,1152,7,5064,0,8.52991199493408
100,0.439999997615814,143,143,12,184,0,5.21493577957153
77.1999969482422,0.569999992847443,700,907,7,1324,1,7.1884126663208
77.3000030517578,0.920000016689301,279,361,8,441,0,6.08904504776001
100,1.37000000476837,125,125,13,259,1,5.55682802200317
95,0.75,680,716,7,716,0,6.57368040084839
99.5999984741211,0.400000005960465,222,223,9,553,1,6.31535816192627
74.6999969482422,0.779999971389771,148,198,7,249,1,5.51745271682739
75.9000015258789,0.970000028610229,82,108,12,146,0,4.98360681533814
81.3000030517578,0.379999995231628,61,75,5,219,1,5.38907194137573
91.4000015258789,1.12000000476837,1564,1711,5,3480,0,8.15478801727295
100,0.0399999991059303,281,281,9,369,0,5.91079664230347
70.5999984741211,0.170000001788139,89,126,6,202,1,5.30826759338379
100,0.389999985694885,376,376,7,1100,1,7.00306558609009
80.9000015258789,0.150000005960464,933,1153,8,1337,0,7.19818353652954
88.8000030517578,0.649999976158142,1154,1300,8,1792,0,7.49108743667603
100,0.790000021457672,285,285,7,372,1,5.91889381408691
100,0.0599999986588955,208,208,7,250,1,5.52146100997925
100,1.69000005722046,2074,2074,13,2358,0,7.76556921005249
47.7000007629395,0.319999992847443,145,304,5,305,0,5.72031164169312
100,1.64999997615814,768,768,10,1177,0,7.07072401046753
60.0999984741211,0.0900000035762787,196,326,7,369,0,5.91079664230347
67.3000030517578,0.689999997615814,230,342,24,410,1,6.01615715026856
100,0.0299999993294477,15107,15107,33,43436,1,10.6790437698364
100,0.360000014305115,1544,1544,18,5356,0,8.58597278594971
82.5,0.230000004172325,680,824,8,5356,0,8.58597278594971
100,3.39000010490418,171,171,14,187,1,5.23110866546631
87.1999969482422,0.439999997615814,3994,4578,35,4886,0,8.4941291809082
80.0999984741211,0.419999986886978,1069,1335,33,1997,0,7.59940147399902
95,0.370000004768372,113,119,31,145,0,4.9767336845398
100,0.670000016689301,518,518,6,628,0,6.44254016876221
100,0.839999973773956,216,216,13,217,0,5.37989711761475
91.5999984741211,0.479999989271164,163,178,7,197,1,5.28320360183716
85.8000030517578,0.189999997615814,512,597,48,872,0,6.7707896232605
97.8000030517578,0.639999985694885,394,403,14,435,0,6.07534599304199
93.4000015258789,0.280000001192093,1556,1666,17,5105,0,8.5379753112793
75.3000030517578,0.439999997615814,694,922,6,1218,0,7.10496520996094
79.6999969482422,3.04999995231628,656,823,37,2102,0,7.65064477920532
100,2.78999996185303,277,277,37,331,0,5.8021183013916
100,0.300000011920929,875,875,6,2986,0,8.00168991088867
82.0999984741211,0.360000014305115,193,235,14,258,1,5.55295944213867
86.6999969482422,0.689999997615814,8252,9517,24,9556,0,9.16492462158203
84.3000030517578,1.12000000476837,118,140,30,200,1,5.29831743240356
73.5,0.589999973773956,202,275,5,302,1,5.71042680740356
82.8000030517578,0.100000001490116,425,513,28,693,0,6.54102993011475
100,2.44000005722046,304,304,24,514,0,6.24222326278687
80.5,0.560000002384186,1439,1788,20,2036,0,7.6187424659729
65.0999984741211,0.170000001788139,861,1322,17,2380,0,7.7748556137085
95.6999969482422,0.0799999982118607,134,140,15,161,0,5.08140420913696
99.1999969482422,0.0199999995529652,122,123,36,301,1,5.70711040496826
100,0.870000004768372,105,105,35,120,1,4.78749179840088
88.3000030517578,0.529999971389771,203,230,10,286,0,5.65599203109741
100,2.49000000953674,119,119,12,291,1,5.67332315444946
100,2.51999998092651,396,396,13,429,0,6.06145715713501
100,0.46000000834465,248,248,6,350,0,5.85793304443359
92.5999984741211,1.89999997615814,729,787,8,1028,0,6.93537044525147
57.5999984741211,0.370000004768372,345,599,8,1178,0,7.07157325744629
77.3000030517578,0.319999992847443,75,97,25,162,0,5.08759641647339
78,0.330000013113022,78,100,25,165,0,5.1059455871582
94.4000015258789,0.819999992847443,1832,1941,29,2016,0,7.60887050628662
100,0.779999971389771,153,153,8,309,1,5.73334121704102
69.1999969482422,0.370000004768372,229,331,5,401,0,5.99396133422852
100,1.89999997615814,499,499,11,43436,1,10.6790437698364
94.8000030517578,0.0799999982118607,184,194,32,221,1,5.39816284179688
100,0.439999997615814,14869,14869,26,19591,0,9.88282585144043
100,0.100000001490116,2242,2242,23,7196,0,8.88128089904785
79.6999969482422,0.129999995231628,165,207,27,236,0,5.46383190155029
83.5999984741211,0.569999992847443,17794,21283,10,32179,0,10.3790693283081
100,0.439999997615814,178,178,10,310,0,5.736572265625
100,1.25999999046326,252,252,5,276,1,5.62040090560913
100,0.959999978542328,105,105,20,154,1,5.03695249557495
93.9000015258789,1.5900000333786,2001,2131,20,3287,1,8.09773063659668
100,0.360000014305115,126,126,16,249,1,5.51745271682739
80.9000015258789,0.899999976158142,621,768,8,1591,0,7.37211799621582
81.8000030517578,0.119999997317791,4934,6035,7,14694,1,9.59519481658936
100,1.04999995231628,375,375,8,655,1,6.48463535308838
88.0999984741211,0.689999997615814,207,235,23,295,0,5.68697547912598
100,0.759999990463257,96,96,15,100,1,4.60517024993897
75.1999969482422,0.400000005960465,121,161,8,1301,0,7.17088842391968
82.5,1,3396,4115,6,6115,0,8.7185001373291
99.8000030517578,2.52999997138977,449,450,11,662,1,6.4952654838562
98.8000030517578,0.409999996423721,160,162,23,167,0,5.11799383163452
48.9000015258789,0.119999997317791,200,409,10,2581,1,7.85593223571777
89.4000015258789,0.759999990463257,101,113,14,113,0,4.72738790512085
100,0.300000011920929,135,135,34,237,1,5.46806001663208
100,0.709999978542328,122,122,18,149,1,5.00394630432129
100,0.219999998807907,5899,5899,12,18200,0,9.80917644500732
67.0999984741211,0.200000002980232,2075,3093,6,9574,0,9.1668062210083
81.8000030517578,0.310000002384186,2018,2466,8,2776,0,7.92876625061035
75.4000015258789,0.800000011920929,184,244,8,1220,0,7.10660600662231
59.5999984741211,0.159999996423721,895,1501,13,1770,0,7.47873497009277
100,0.439999997615814,889,889,8,2068,0,7.63433742523193
86.0999984741211,0.970000028610229,6824,7925,29,19754,0,9.89111137390137
54.2000007629395,0.430000007152557,846,1561,35,2208,0,7.69984245300293
56.2999992370606,0.430000007152557,672,1193,7,2743,0,7.91680765151978
94.8000030517578,0.270000010728836,128,135,11,136,0,4.91265487670898
94,0.779999971389771,708,753,5,876,1,6.77536630630493
96.3000030517578,0.259999990463257,211,219,17,365,0,5.89989757537842
73.5999984741211,0.479999989271164,78,106,8,245,0,5.5012583732605
29,0.25,152,524,8,633,0,6.45047044754028
100,1.3400000333786,257,257,7,291,1,5.67332315444946
95.6999969482422,0.759999990463257,4412,4608,31,40378,0,10.6060400009155
73.5,0.0900000035762787,164,223,5,290,1,5.6698808670044
96.5,1.45000004768372,414,429,18,718,0,6.57646942138672
94.5999984741211,0.540000021457672,194,205,16,718,0,6.57646942138672
85.5999984741211,2.9300000667572,740,864,15,3285,1,8.09712219238281
100,1.25999999046326,154,154,7,230,1,5.43807935714722
69.4000015258789,0.419999986886978,468,674,39,1136,1,7.03526878356934
97,0.769999980926514,289,298,14,413,1,6.02344751358032
93.5,0.699999988079071,1990,2128,18,2380,0,7.7748556137085
88.1999969482422,0.490000009536743,9596,10885,19,11666,0,9.36443424224854
100,0.140000000596046,469,469,14,800,0,6.68461179733276
63,0.490000009536743,269,427,5,427,0,6.05678415298462
54.9000015258789,0.0199999995529652,374,681,9,681,1,6.52356243133545
100,0.449999988079071,230,230,7,923,0,6.82762908935547
89.8000030517578,1.00999999046326,469,522,18,781,1,6.6605749130249
100,1.1599999666214,83,83,10,88,1,4.47733688354492
73.8000030517578,0.209999993443489,149,202,12,310,1,5.736572265625
93.8000030517578,0.740000009536743,767,818,8,1342,1,7.20191621780396
100,1.11000001430511,274,274,6,551,0,6.31173467636108
72,0.300000011920929,201,279,7,628,1,6.44254016876221
92,0.72000002861023,3431,3728,29,3806,0,8.24433422088623
100,0.129999995231628,2345,2345,27,4467,1,8.40447235107422
100,0.25,103,103,7,103,1,4.63472890853882
100,2.17000007629395,357,357,7,480,1,6.17378616333008
75.3000030517578,0.449999988079071,320,425,7,466,0,6.1441855430603
76.4000015258789,0.100000001490116,146,191,4,409,1,6.0137152671814
79.6999969482422,0.109999999403954,1567,1967,5,3780,0,8.2374792098999
85.0999984741211,0.660000026226044,5303,6233,24,7473,0,8.91905212402344
92.0999984741211,0.509999990463257,2358,2561,14,3806,0,8.24433422088623
100,1.08000004291534,233,233,7,306,1,5.72358512878418
99.5999984741211,0.560000002384186,946,950,35,1032,0,6.93925380706787
57.7999992370606,0.349999994039536,2382,4123,5,6875,0,8.8356466293335
100,3.67000007629395,51567,51567,19,77984,0,11.2642593383789
100,0.370000004768372,4144,4144,39,5108,1,8.5385627746582
100,0.970000028610229,1511,1511,8,2168,1,7.68156051635742
56.2000007629395,0.140000000596046,599,1065,22,1065,0,6.97073030471802
98.5999984741211,0.100000001490116,1922,1950,7,2137,0,7.66715812683106
100,1.85000002384186,7665,7665,41,9761,0,9.18615055084229
100,0.180000007152557,254,254,13,292,1,5.67675399780273
100,0.670000016689301,149,149,10,176,0,5.17048406600952
100,0.670000016689301,109,109,33,511,0,6.23636960983276
100,1.87000000476837,274,274,16,325,1,5.78382539749146
85.6999969482422,0.189999997615814,873,1019,5,1362,0,7.21670961380005
93.5,0.939999997615814,116,124,6,124,0,4.82028150558472
100,0.200000002980232,123,123,20,131,1,4.8751974105835
100,2.27999997138977,1173,1173,38,1474,1,7.29573488235474
79.8000030517578,0.389999985694885,75,94,37,94,0,4.54329490661621
100,0.670000016689301,107,107,24,107,1,4.67282867431641
57.5999984741211,0.0700000002980232,182,316,9,824,0,6.71417045593262
86.9000015258789,0.509999990463257,226,260,31,260,1,5.56068181991577
86,0.170000001788139,4534,5273,32,6093,0,8.7148962020874
100,0.959999978542328,178,178,9,254,1,5.53733444213867
97.6999969482422,0.00999999977648258,212,217,8,463,0,6.1377272605896
96.8000030517578,0.370000004768372,1431,1479,9,1479,0,7.2991213798523
99.0999984741211,3.73000001907349,218,220,7,291,0,5.67332315444946
52.2999992370606,0.469999998807907,114,218,6,305,0,5.72031164169312
63,0.109999999403954,384,610,7,3894,1,8.26719188690186
74.3000030517578,0.360000014305115,575,774,5,1651,0,7.4091362953186
90.8000030517578,0.529999971389771,1881,2072,15,2072,0,7.63626956939697
87.4000015258789,1.62000000476837,139,159,6,193,0,5.26269006729126
62.7000007629395,0.620000004768372,937,1495,8,2614,0,7.86863708496094
50.2000007629395,0.769999980926514,6218,12391,10,34854,0,10.4589233398438
58.2000007629395,0.200000002980232,301,517,11,868,0,6.76619148254395
100,1.44000005722046,394,394,16,940,1,6.84588003158569
49.5999984741211,0.0299999993294477,282,568,7,6610,0,8.79633903503418
73.5,0.589999973773956,25007,34004,43,65471,0,11.0893621444702
100,1.02999997138977,1610,1610,30,3680,1,8.21066761016846
100,0.209999993443489,134,134,6,160,1,5.07517385482788
100,4.36999988555908,1250,1250,27,1250,0,7.13089895248413
100,0.709999978542328,549,549,39,639,1,6.45990467071533
100,0.600000023841858,14087,14087,19,15464,0,9.64626979827881
100,0.0299999993294477,122,122,10,196,1,5.27811479568481
85.6999969482422,0.920000016689301,132,154,22,232,0,5.44673728942871
100,0.319999992847443,312,312,9,365,1,5.89989757537842
95.0999984741211,0.200000002980232,195,205,13,230,1,5.43807935714722
67.3000030517578,0.509999990463257,111,165,15,165,0,5.1059455871582
100,0.330000013113022,146,146,15,171,1,5.14166355133057
100,2.10999989509583,529,529,19,962,1,6.86901426315308
100,3.51999998092651,1024,1024,8,2439,1,7.79934358596802
75.9000015258789,0.109999999403954,630,830,7,1010,1,6.91770553588867
100,0.280000001192093,6937,6937,31,15663,0,9.65905666351318
70.9000015258789,0.230000004172325,3586,5057,42,15245,0,9.63200664520264
100,0.649999976158142,973,973,7,991,1,6.89871454238892
100,4,147,147,8,430,0,6.06378507614136
100,0.270000010728836,357,357,19,749,1,6.61873912811279
100,0.860000014305115,63,63,17,93,0,4.53259944915772
100,0.379999995231628,146,146,17,147,1,4.99043273925781
57.7000007629395,0.330000013113022,150,260,7,344,1,5.84064149856567
86.3000030517578,0.5799999833107,3022,3500,8,11628,0,9.36117172241211
88.8000030517578,0.540000021457672,213,240,15,240,0,5.48063898086548
64.4000015258789,0.419999986886978,65,101,15,101,0,4.61512041091919
86.3000030517578,0.330000013113022,5444,6306,8,10506,0,9.2597017288208
70,0.109999999403954,175,250,6,465,0,6.1420373916626
94.1999969482422,0.850000023841858,97,103,5,115,0,4.74493217468262
100,0.469999998807907,190,190,20,197,1,5.28320360183716
100,1.67999994754791,129,129,10,185,1,5.22035598754883
74.3000030517578,0.0900000035762787,202,272,5,352,0,5.86363124847412
85.8000030517578,3.5,133,155,17,390,0,5.96614694595337
79.3000030517578,0.239999994635582,562,709,8,813,1,6.70073127746582
66.1999969482422,0.699999988079071,1017,1536,13,4343,1,8.37632083892822
41.5,0.159999996423721,90,217,8,243,1,5.49306154251099
100,0.490000009536743,131,131,11,153,1,5.03043794631958
67.3000030517578,0.740000009536743,222,330,13,423,1,6.04737234115601
57,0.560000002384186,1415,2484,5,2484,0,7.81762552261353
57,0.560000002384186,1415,2484,5,2484,0,7.81762552261353
85.8000030517578,0.759999990463257,163,190,11,193,1,5.26269006729126
51,0.569999992847443,985,1932,6,6631,1,8.79951095581055
95.6999969482422,0.340000003576279,379,396,19,2176,0,7.68524360656738
86.8000030517578,0.639999985694885,770,887,8,944,0,6.85012626647949
98.0999984741211,0.8299999833107,155,158,8,341,1,5.83188247680664
100,0.349999994039536,229,229,12,439,0,6.08449935913086
100,0.400000005960465,700,700,20,2872,1,7.96276378631592
30.5,0.25,53,174,7,518,1,6.24997520446777
75.0999984741211,0.879999995231628,997,1327,5,1930,0,7.56527519226074
100,0.550000011920929,101,101,6,105,1,4.65396022796631
95,0.75,190,200,15,200,0,5.29831743240356
89.8000030517578,0.490000009536743,272,303,15,303,0,5.71373271942139
93.9000015258789,0.529999971389771,1038,1106,17,1160,0,7.05617523193359
61.0999984741211,0.349999994039536,88,144,7,144,1,4.96981334686279
100,0.610000014305115,786,786,22,1016,1,6.92362880706787
85.3000030517578,0.419999986886978,475,557,6,2145,0,7.67089462280273
95.6999969482422,0.610000014305115,199,208,7,234,1,5.45532131195068
100,0.810000002384186,250,250,5,483,1,6.18001651763916
100,0.360000014305115,1543,1543,35,3867,1,8.26023387908936
93.6999969482422,0.509999990463257,59,63,7,78,1,4.35670900344849
82.1999969482422,0.72000002861023,822,1000,8,1231,0,7.11558198928833
90.5,0.370000004768372,152,168,5,368,1,5.90808296203613
100,0.239999994635582,58,58,8,58,1,4.06044292449951
100,3.21000003814697,196,196,19,393,1,5.97380971908569
75.0999984741211,0.689999997615814,1429,1904,7,3245,1,8.08487033843994
96.0999984741211,0.930000007152557,1401,1458,7,1806,0,7.49886989593506
63,0.439999997615814,648,1029,26,1616,1,7.38770914077759
44.7000007629395,0.159999996423721,123,275,16,942,1,6.84800529479981
83.5,0.680000007152557,1378,1651,8,1671,0,7.42117738723755
100,0.119999997317791,404,404,7,664,0,6.49828195571899
100,0.310000002384186,205,205,7,232,1,5.44673728942871
58.2999992370606,0.310000002384186,401,688,7,3357,0,8.11880302429199
75.4000015258789,0.0599999986588955,150,199,9,377,1,5.9322452545166
100,0.439999997615814,153,153,6,231,1,5.44241762161255
90.1999969482422,0.620000004768372,184,204,7,495,0,6.2045578956604
96.0999984741211,0.660000026226044,1091,1135,5,1746,1,7.46508264541626
25.1000003814697,0.629999995231628,104,414,6,630,1,6.44571971893311
80.4000015258789,0.600000023841858,501,623,25,2066,0,7.63336944580078
100,0.0900000035762787,155,155,8,251,0,5.52545309066773
95.3000030517578,0.349999994039536,81,85,12,296,0,5.69035959243774
100,1.11000001430511,941,941,5,2051,1,7.62608289718628
100,4.38000011444092,1050,1050,5,1601,1,7.37838363647461
60.4000015258789,0.409999996423721,162,268,6,968,1,6.87523221969605
84.6999969482422,0.370000004768372,133,157,9,187,0,5.23110866546631
78.1999969482422,1.20000004768372,1016,1299,6,2812,1,7.94165134429932
100,0.189999997615814,1614,1614,19,2419,1,7.79110956192017
100,0.140000000596046,527,527,16,883,0,6.7833251953125
100,0.189999997615814,596,596,6,859,0,6.75576877593994
100,0.810000002384186,215,215,20,215,0,5.37063789367676
100,1.6599999666214,794,794,5,794,0,6.67708349227905
84.5,0.360000014305115,142,168,6,3762,0,8.23270606994629
60.7999992370606,0.379999995231628,234,385,6,3762,0,8.23270606994629
82.0999984741211,0.519999980926514,366,446,9,564,0,6.33505439758301
98.8000030517578,0.5,158,160,7,290,1,5.6698808670044
84.5999984741211,0.439999997615814,154,182,6,3762,0,8.23270606994629
100,3.07999992370605,321,321,5,321,1,5.7714409828186
100,0.379999995231628,385,385,5,385,1,5.95324325561523
79.3000030517578,0.360000014305115,5390,6801,28,20419,0,9.92422103881836
88.1999969482422,0.550000011920929,1335,1514,18,1572,0,7.36010408401489
89.9000015258789,0.280000001192093,1542,1715,19,7127,0,8.8716459274292
89.5999984741211,0.340000003576279,250,279,30,327,1,5.7899603843689
100,1.77999997138977,173,173,10,224,1,5.41164588928223
73,0.889999985694885,100,137,21,157,1,5.05624580383301
100,1.08000004291534,243,243,20,244,1,5.49716806411743
100,1.24000000953674,159,159,7,275,1,5.61677122116089
98.3000030517578,0.340000003576279,1401,1425,27,2619,0,7.87054777145386
100,0.8299999833107,128,128,24,176,1,5.17048406600952
100,0.180000007152557,334,334,7,482,0,6.17794418334961
100,0.8299999833107,171,171,10,268,1,5.59098720550537
90.8000030517578,0.5,177,195,16,247,1,5.50938844680786
72.5,0.899999976158142,153,211,16,673,0,6.51174545288086
71.5,0.379999995231628,241,337,7,580,0,6.36302804946899
100,0.879999995231628,266,266,7,560,1,6.32793664932251
90.4000015258789,0.340000003576279,123,136,7,167,1,5.11799383163452
79.1999969482422,0.349999994039536,282,356,7,438,0,6.08221912384033
95.6999969482422,0.600000023841858,110,115,8,194,0,5.26785802841187
93.3000030517578,0.72000002861023,750,804,8,1980,0,7.5908522605896
80.1999969482422,0.170000001788139,93,116,7,135,1,4.90527486801148
96.5999984741211,0.46000000834465,338,350,8,1135,0,7.03438806533814
73.9000015258789,0.180000007152557,283,383,7,509,0,6.2324481010437
96,0.189999997615814,9270,9655,18,10156,0,9.22581958770752
64.4000015258789,0.129999995231628,530,823,5,1615,0,7.38709020614624
69.5999984741211,0.159999996423721,546,785,15,1715,0,7.44716835021973
69.9000015258789,0.449999988079071,95,136,9,214,0,5.36597585678101
80,0.400000005960465,220,275,16,325,0,5.78382539749146
87.3000030517578,0.550000011920929,96,110,7,139,0,4.93447399139404
100,0.709999978542328,135,135,11,179,1,5.18738603591919
58,0.0700000002980232,94,162,14,162,0,5.08759641647339
100,0.740000009536743,244,244,21,278,1,5.62762117385864
74.8000030517578,0.389999985694885,178,238,7,312,1,5.74300336837769
100,0.389999985694885,2848,2848,24,14884,1,9.60804176330566
82.9000015258789,0.740000009536743,175,211,14,2598,1,7.86249732971191
100,0.300000011920929,195,195,8,310,1,5.736572265625
100,0.150000005960464,180,180,7,180,0,5.19295692443848
100,1.01999998092651,798,798,7,2191,0,7.69211339950562
100,2,111,111,15,163,1,5.09375
81.5,0.439999997615814,462,567,14,2662,1,7.88683319091797
65.5999984741211,1,897,1368,10,1433,0,7.26752519607544
100,2.25999999046326,1163,1163,10,1433,0,7.26752519607544
46.9000015258789,0.949999988079071,206,439,8,506,1,6.22653675079346
79.1999969482422,0.409999996423721,1497,1890,23,2552,0,7.84463262557983
100,0.769999980926514,126,126,19,158,1,5.06259489059448
53.2999992370606,0.970000028610229,2156,4048,15,6197,1,8.73182010650635
77.3000030517578,0.150000005960464,1395,1805,20,2375,0,7.77275276184082
77.9000015258789,0.629999995231628,109,140,7,1134,1,7.03350639343262
61.7999992370606,0.0900000035762787,320,518,8,688,0,6.53378868103027
84.0999984741211,0.209999993443489,1335,1588,9,2467,1,7.81075811386108
100,0.389999985694885,197,197,7,323,0,5.77765226364136
100,0.419999986886978,128,128,9,166,1,5.1119875907898
89.9000015258789,0.360000014305115,349,388,7,408,0,6.01126718521118
100,0.239999994635582,834,834,8,1023,0,6.93049478530884
100,3.05999994277954,247,247,6,674,1,6.5132303237915
100,0.150000005960464,811,811,7,1840,1,7.51752090454102
79,0.709999978542328,113,143,5,198,1,5.28826713562012
100,0.230000004172325,87,87,11,157,1,5.05624580383301
89.1999969482422,0.910000026226044,190,213,21,250,1,5.52146100997925
100,0.490000009536743,241,241,12,281,1,5.6383547782898
100,0.330000013113022,1509,1509,9,2570,0,7.85166120529175
100,0.129999995231628,452,452,8,786,1,6.66695690155029
100,0.259999990463257,150,150,11,150,0,5.01063537597656
50.9000015258789,1.91999995708466,112,220,9,282,1,5.64190721511841
74.0999984741211,0.330000013113022,537,725,8,1117,0,7.01840162277222
100,2.1800000667572,730,730,9,847,1,6.74170064926148
100,1.94000005722046,193,193,25,193,1,5.26269006729126
80.6999969482422,0.540000021457672,138,171,7,2002,0,7.60190200805664
91.1999969482422,0.439999997615814,18794,20599,8,70969,0,11.1699981689453
71.9000015258789,0.419999986886978,31800,44221,8,70969,0,11.1699981689453
91.8000030517578,0.300000011920929,212,231,7,4549,0,8.42266273498535
100,3.74000000953674,340,340,7,1750,1,7.46737098693848
20.1000003814697,0.200000002980232,283,1408,5,1408,1,7.24992561340332
100,2,188,188,13,195,1,5.27299976348877
78.6999969482422,0.479999989271164,2780,3533,19,4158,0,8.33278942108154
92.3000030517578,0.330000013113022,854,925,23,1277,0,7.15226888656616
86,4.63000011444092,584,679,7,869,0,6.76734304428101
100,0.709999978542328,92,92,30,111,1,4.70953035354614
100,0.660000026226044,142,142,7,186,1,5.22574663162231
90.0999984741211,0.109999999403954,649,720,20,1733,1,7.45760917663574
91.5,0.819999992847443,355,388,25,456,1,6.12249279022217
100,0.389999985694885,441,441,9,708,0,6.56244421005249
72.5,0.860000014305115,1376,1898,20,2247,0,7.71735143661499
82.8000030517578,0.569999992847443,202,244,7,301,0,5.70711040496826
48.9000015258789,0.990000009536743,331,677,10,677,1,6.51767110824585
100,3.40000009536743,165,165,14,174,1,5.15905523300171
100,0.189999997615814,322,322,7,454,0,6.11809730529785
100,1.37000000476837,107,107,17,145,1,4.9767336845398
86.1999969482422,0.409999996423721,581,674,6,1380,0,7.22983884811401
75.6999969482422,0.209999993443489,171,226,7,305,0,5.72031164169312
100,0.300000011920929,182,182,7,182,0,5.20400667190552
100,0.910000026226044,188,188,7,216,1,5.37527847290039
100,0.529999971389771,109,109,8,177,1,5.17614984512329
100,0.319999992847443,408,408,8,548,0,6.30627536773682
65.3000030517578,0.389999985694885,252,386,8,604,1,6.40357398986816
100,1.55999994277954,1203,1203,44,2304,0,7.74240207672119
85.5,0.300000011920929,2291,2679,19,5819,0,8.66888332366943
20.6000003814697,0.0399999991059303,1151,5586,7,5819,0,8.66888332366943
89.8000030517578,0.419999986886978,336,374,7,1081,0,6.98564195632935
83.8000030517578,0.419999986886978,325,388,7,583,0,6.36818695068359
100,0.479999989271164,6888,6888,48,7830,0,8.96571731567383
53.7999992370606,0.449999988079071,820,1524,8,2629,0,7.87435865402222
61.2000007629395,0.200000002980232,290,474,5,818,0,6.706862449646
100,0.800000011920929,148,148,11,193,0,5.26269006729126
100,0.140000000596046,221,221,8,234,1,5.45532131195068
48.2000007629395,0.109999999403954,520,1079,5,2071,0,7.63578701019287
66.3000030517578,0.419999986886978,450,679,7,759,0,6.63200187683106
69.9000015258789,0.540000021457672,1817,2600,8,4270,1,8.3593692779541
100,0.379999995231628,175,175,37,511,1,6.23636960983276
100,0.660000026226044,96,96,7,132,1,4.88280200958252
100,0.610000014305115,186,186,6,260,1,5.56068181991577
78,0.270000010728836,184,236,5,274,1,5.61312818527222
100,0.519999980926514,259,259,12,484,1,6.18208503723145
50,0.409999996423721,168,336,15,478,1,6.16961050033569
100,0.569999992847443,2567,2567,5,6500,0,8.77955722808838
100,4.34999990463257,127,127,15,230,1,5.43807935714722
100,3.46000003814697,100,100,20,201,0,5.30330467224121
100,0.72000002861023,132,132,16,234,1,5.45532131195068
100,1.01999998092651,268,268,8,457,1,6.12468338012695
100,1.44000005722046,78,78,10,528,1,6.26909637451172
100,0.620000004768372,136,136,16,379,0,5.93753623962402
100,0.25,214,214,11,242,0,5.48893785476685
88,0.430000007152557,16236,18442,7,30308,0,10.319167137146
99.6999969482422,0.5799999833107,301,302,8,478,1,6.16961050033569
59.9000015258789,0.170000001788139,124,207,7,389,1,5.96357917785645
100,3.71000003814697,8449,8449,7,21963,1,9.99711418151855
59.5999984741211,0.529999971389771,161,270,5,820,0,6.70930433273315
100,1.21000003814697,126,126,9,232,1,5.44673728942871
100,0.25,970,970,26,1030,0,6.9373140335083
100,0.550000011920929,238,238,6,371,1,5.91620206832886
100,1,105,105,7,122,1,4.80402088165283
100,0.159999996423721,166,166,7,346,1,5.84643888473511
68.9000015258789,0.119999997317791,73,106,6,125,1,4.82831382751465
79,0.209999993443489,147,186,7,205,0,5.32300996780396
87,0.620000004768372,100,115,7,124,1,4.82028150558472
100,0.340000003576279,281,281,7,656,1,6.48616075515747
95.9000015258789,0.509999990463257,4394,4584,24,5105,0,8.5379753112793
77.1999969482422,0.170000001788139,404,523,6,645,0,6.46925020217896
100,1.24000000953674,79,79,7,1090,0,6.99393320083618
100,1.12999999523163,48777,48777,7,144387,0,11.8802528381348
91.6999969482422,0.430000007152557,199,217,5,356,0,5.87493085861206
77.6999969482422,0.479999989271164,87,112,34,146,1,4.98360681533814
100,0.430000007152557,349,349,7,555,0,6.31896829605103
8.80000019073486,0.5,142,1605,14,2215,0,7.70300769805908
60.9000015258789,0.370000004768372,978,1605,8,2215,0,7.70300769805908
100,1.69000005722046,289,289,28,497,0,6.20859003067017
100,2.35999989509583,207,207,5,226,1,5.42053508758545
100,1.5,284,284,9,321,1,5.7714409828186
62.5999984741211,0.389999985694885,555,886,5,1201,0,7.09090995788574
100,0.180000007152557,113,113,9,186,0,5.22574663162231
100,1.07000005245209,748,748,20,931,1,6.83625936508179
65.5,0.46000000834465,525,802,7,822,0,6.71174049377441
99,0.140000000596046,307,310,15,1077,1,6.98193454742432
78.5,1.11000001430511,299,381,5,531,1,6.27476215362549
100,1.73000001907349,107,107,7,237,1,5.46806001663208
100,0.529999971389771,98,98,18,111,1,4.70953035354614
97,0.159999996423721,96,99,7,121,1,4.79579067230225
89.9000015258789,0.389999985694885,321,357,8,587,1,6.37502479553223
77.9000015258789,0.479999989271164,116,149,6,184,0,5.21493577957153
100,0.660000026226044,65,65,33,80,0,4.38202667236328
100,0.409999996423721,105,105,13,166,1,5.1119875907898
73.4000015258789,0.280000001192093,259,353,6,424,0,6.04973363876343
100,1.79999995231628,165,165,8,219,1,5.38907194137573
100,0.740000009536743,272,272,8,555,0,6.31896829605103
89,0.769999980926514,1896,2130,29,2774,0,7.92804574966431
64.6999969482422,0.0700000002980232,311,481,7,1181,0,7.07411670684815
100,0.670000016689301,220,220,6,220,1,5.39362764358521
89.4000015258789,0.370000004768372,447,500,5,544,0,6.29894924163818
78.6999969482422,0.119999997317791,573,728,6,769,0,6.64509105682373
76.9000015258789,0.400000005960465,681,885,8,1941,0,7.57095861434937
64.5999984741211,0.280000001192093,747,1157,7,3018,1,8.01235008239746
78.8000030517578,1.14999997615814,178,226,20,451,1,6.1114673614502
100,0.5,131,131,17,160,1,5.07517385482788
83.9000015258789,0.409999996423721,1787,2129,27,2312,0,7.74586820602417
100,0.100000001490116,182,182,11,183,1,5.20948600769043
43.5999984741211,0.100000001490116,3464,7948,8,13072,0,9.47822761535645
95.4000015258789,0.300000011920929,187,196,7,235,0,5.45958566665649
95.8000030517578,0.319999992847443,182,190,5,261,1,5.56452035903931
100,0.689999997615814,134,134,8,169,1,5.12989854812622
73.5,0.170000001788139,114,155,6,332,0,5.8051347732544
100,0.680000007152557,394,394,45,420,0,6.04025459289551
91.3000030517578,0.319999992847443,158,173,21,628,1,6.44254016876221
82.5999984741211,4.13000011444092,90,109,6,383,1,5.94803476333618
100,0.72000002861023,115,115,32,518,0,6.24997520446777
63.4000015258789,0.0900000035762787,4877,7696,9,12539,0,9.436598777771
50.2999992370606,0.100000001490116,1110,2208,5,3928,0,8.27588558197022
100,0.140000000596046,283,283,7,354,0,5.86929702758789
93.6999969482422,0.449999988079071,208,222,16,419,0,6.03787088394165
99.0999984741211,1.46000003814697,111,112,37,199,1,5.29330492019653
93.0999984741211,0.270000010728836,764,821,15,3463,0,8.1498908996582
67.5999984741211,0.209999993443489,3188,4716,15,6489,0,8.77786350250244
73.4000015258789,0.180000007152557,370,504,7,628,0,6.44254016876221
85,0.370000004768372,713,839,27,976,0,6.88346242904663
77,0.419999986886978,3357,4357,37,11120,0,9.31650066375732
90.4000015258789,0.370000004768372,2305,2549,22,2549,0,7.84345626831055
37,0.219999998807907,80,216,7,261,1,5.56452035903931
100,0.949999988079071,576,576,7,705,1,6.55819797515869
100,0.889999985694885,531,531,6,1561,1,7.35308170318604
100,0.28999999165535,278,278,12,2112,0,7.65539073944092
86.4000015258789,0.319999992847443,445,515,7,693,0,6.54102993011475
49.7000007629395,0.180000007152557,279,561,7,1162,0,7.05789804458618
100,3.73000001907349,105,105,20,284,1,5.64897441864014
73,0.370000004768372,27935,38276,27,53942,0,10.8956642150879
83.5,0.370000004768372,58811,70429,27,89177,0,11.3983783721924
100,0.150000005960464,110,110,30,182,1,5.20400667190552
100,0.649999976158142,1268,1268,19,1921,0,7.56060123443604
100,0.529999971389771,353,353,7,677,1,6.51767110824585
100,0.189999997615814,1390,1390,7,1729,0,7.45529842376709
74,0.319999992847443,368,497,7,608,0,6.41017484664917
100,0.8299999833107,125,125,11,132,1,4.88280200958252
72.6999969482422,0.819999992847443,112,154,16,224,0,5.41164588928223
75.5,0.370000004768372,1058,1402,16,1760,0,7.473069190979
72.5999984741211,0.519999980926514,191,263,17,744,0,6.61204099655151
99.1999969482422,0.689999997615814,238,240,28,240,1,5.48063898086548
100,0.200000002980232,2239,2239,11,2291,0,7.7367434501648
82.5999984741211,0.330000013113022,314,380,8,1685,0,7.42952060699463
100,0.370000004768372,132,132,19,138,0,4.92725372314453
98.9000015258789,0.649999976158142,90,91,7,231,1,5.44241762161255
89.8000030517578,0.360000014305115,1069,1190,11,3799,0,8.24249362945557
100,0.280000001192093,113,113,9,3799,0,8.24249362945557
72.9000015258789,0.400000005960465,194,266,4,363,0,5.89440298080444
100,2.16000008583069,529,529,30,680,0,6.52209281921387
85.3000030517578,1.17999994754791,924,1083,8,26052,0,10.1678495407105
96.4000015258789,0.319999992847443,400,415,11,1301,0,7.17088842391968
100,0.28999999165535,206,206,8,205,1,5.32300996780396
60.2000007629395,0.129999995231628,711,1182,8,1529,0,7.33236932754517
100,0.660000026226044,126,126,5,168,1,5.12396383285523
76.1999969482422,0.409999996423721,179,235,7,1337,0,7.19818353652954
100,1.76999998092651,152,152,16,230,1,5.43807935714722
100,0.939999997615814,356,356,9,366,1,5.90263319015503
89.5999984741211,3.77999997138977,180,201,14,350,0,5.85793304443359
71.5999984741211,4.17999982833862,154,215,5,384,1,5.9506425857544
99.5999984741211,1,280,281,14,328,1,5.79301357269287
100,0.920000016689301,310,310,24,385,1,5.95324325561523
100,0.569999992847443,2749,2749,21,6948,0,8.84620952606201
100,0.28999999165535,322,322,20,388,1,5.96100521087647
82.5,0.25,950,1151,20,1567,1,7.35691833496094
100,0.330000013113022,228,228,8,489,0,6.1923623085022
100,0.0799999982118607,1435,1435,15,1719,1,7.44949817657471
44.2999992370606,0.109999999403954,258,582,5,1013,1,6.9206714630127
100,0.5799999833107,261,261,6,734,0,6.59850883483887
100,0.230000004172325,114,114,21,175,0,5.16478586196899
100,0.330000013113022,223,223,13,322,1,5.77455139160156
100,0.200000002980232,240,240,7,371,1,5.91620206832886
100,1.27999997138977,114,114,17,134,1,4.89784002304077
100,1.0900000333786,67,67,15,168,1,5.12396383285523
100,0.560000002384186,102,102,9,130,1,4.86753463745117
94.5999984741211,0.370000004768372,5243,5541,27,6685,0,8.80762195587158
100,1.49000000953674,416,416,16,1295,0,7.16626596450806
100,0.769999980926514,117,117,9,150,1,5.01063537597656
74,0.180000007152557,142,192,15,436,0,6.0776424407959
87.9000015258789,0.370000004768372,343,390,9,1228,0,7.11314201354981
92.8000030517578,0.379999995231628,308,332,14,635,0,6.45362520217896
79.5,0.419999986886978,454,571,14,962,1,6.86901426315308
100,0.400000005960465,78,78,12,82,1,4.40671920776367
100,4.11999988555908,441,441,6,12000,1,9.39266204833984
100,0.439999997615814,99,99,6,99,1,4.59511995315552
87.1999969482422,0.409999996423721,170,195,6,202,1,5.30826759338379
100,2,212,212,7,327,1,5.7899603843689
89.0999984741211,0.5,1099,1233,7,1997,1,7.59940147399902
100,0.0799999982118607,226,226,6,449,1,6.10702276229858
100,0.230000004172325,157,157,5,185,1,5.22035598754883
100,1.26999998092651,773,773,30,923,1,6.82762908935547
44.7000007629395,1,519,1162,6,6358,1,8.75746917724609
100,0.330000013113022,106,106,7,119,1,4.77912330627441
87.5999984741211,0.409999996423721,254,290,9,338,1,5.82304573059082
66.3000030517578,0.610000014305115,1202,1813,9,8208,0,9.012864112854
100,0.159999996423721,488,488,5,503,1,6.22059011459351
100,0.439999997615814,127,127,29,214,1,5.36597585678101
100,0.740000009536743,131,131,5,159,0,5.06890439987183
38.4000015258789,0.0299999993294477,2234,5815,6,9266,0,9.13410663604736
100,4.6399998664856,150,150,24,356,1,5.87493085861206
39.7999992370606,3,882,2218,5,2218,0,7.70436096191406
100,0.340000003576279,561,561,5,1613,1,7.38585090637207
85.1999969482422,0.550000011920929,276,324,14,331,0,5.8021183013916
99.9000015258789,1.66999995708466,722,723,29,758,1,6.63068342208862
96.3000030517578,0.310000002384186,5502,5712,5,10216,0,9.23171043395996
97.5999984741211,0.409999996423721,820,840,16,877,0,6.77650690078735
99.3000030517578,1.24000000953674,150,151,7,163,1,5.09375
100,1.1599999666214,373,373,7,607,1,6.40852880477905
71.6999969482422,0.430000007152557,195,272,13,461,1,6.13339805603027
100,4.25,144,144,6,148,1,4.99721240997315
100,0.409999996423721,90,90,33,197,1,5.28320360183716
87,0.550000011920929,114,131,22,1229,0,7.11395597457886
84.5999984741211,0.5,838,990,8,1582,0,7.36644506454468
75.5,0.370000004768372,1516,2008,7,4273,0,8.36007118225098
62.9000015258789,0.200000002980232,1368,2176,7,4273,0,8.36007118225098
100,3.02999997138977,625,625,28,2685,0,7.89543581008911
100,0.370000004768372,830,830,7,939,0,6.84481525421143
89,0.200000002980232,291,327,7,1170,0,7.06475925445557
83.3000030517578,0.310000002384186,2319,2784,10,3154,0,8.05642700195313
82.6999969482422,0.330000013113022,234,283,7,1153,0,7.05012273788452
100,0.409999996423721,461,461,6,6938,0,8.84476852416992
100,0.409999996423721,200,200,6,6938,0,8.84476852416992
100,0.409999996423721,756,756,6,6938,0,8.84476852416992
100,0.409999996423721,303,303,6,6938,0,8.84476852416992
87.5,1,1633,1867,20,8686,0,9.06946754455566
100,2.94000005722046,303,303,8,539,0,6.28971576690674
73.9000015258789,0.449999988079071,133,180,7,302,0,5.71042680740356
64,0.839999973773956,304,475,5,517,0,6.24804306030273
100,0.959999978542328,387,387,9,482,1,6.17794418334961
74.5999984741211,0.100000001490116,4597,6162,7,11649,0,9.36297607421875
84.3000030517578,0.879999995231628,70,83,7,180,1,5.19295692443848
100,1.19000005722046,241,241,27,503,1,6.22059011459351
75.0999984741211,0.129999995231628,368,490,24,987,0,6.89467000961304
100,1.52999997138977,420,420,14,2964,0,7.99429512023926
100,1.85000002384186,2103,2103,5,2964,0,7.99429512023926
100,1.42999994754791,51,51,16,146,1,4.98360681533814
100,0.400000005960465,176,176,5,176,1,5.17048406600952
100,0.660000026226044,231,231,5,488,1,6.19031524658203
100,1.6599999666214,205,205,9,209,0,5.3423342704773
100,0.839999973773956,214,214,25,258,1,5.55295944213867
100,0.46000000834465,4474,4474,27,6512,0,8.78140163421631
95,0.370000004768372,515,542,14,894,1,6.79570579528809
100,3.58999991416931,193,193,5,309,1,5.73334121704102
99.4000015258789,0.5799999833107,174,175,7,508,0,6.23048162460327
93.1999969482422,0.680000007152557,204,219,7,295,1,5.68697547912598
91.5999984741211,0.189999997615814,327,357,9,500,1,6.21460819244385
100,0.5799999833107,246,246,6,246,0,5.50533151626587
100,0.600000023841858,2667,2667,23,17865,1,9.79059886932373
50.7000007629395,0.0799999982118607,336,663,5,705,0,6.55819797515869
91.4000015258789,0.560000002384186,159,174,6,206,0,5.32787609100342
100,0.0900000035762787,143,143,6,503,1,6.22059011459351
89.9000015258789,1.01999998092651,240,267,33,895,0,6.79682350158691
71.6999969482422,0.340000003576279,803,1120,9,1801,0,7.49609756469727
67.8000030517578,0.330000013113022,99,146,7,203,1,5.3132061958313
66.5999984741211,0.409999996423721,1116,1676,9,1850,0,7.52294111251831
91.9000015258789,0.400000005960465,375,408,10,408,0,6.01126718521118
99.1999969482422,0.360000014305115,122,123,10,123,0,4.81218433380127
88,0.540000021457672,191,217,8,232,0,5.44673728942871
59.2000007629395,0.230000004172325,12083,20394,39,27000,0,10.203592300415
89,0.439999997615814,12305,13822,31,24510,0,10.1068363189697
100,0.949999988079071,432,432,41,613,1,6.41836500167847
75.3000030517578,0.129999995231628,374,497,10,517,0,6.24804306030273
81.3000030517578,0.430000007152557,883,1086,39,1481,0,7.30047273635864
100,0.439999997615814,162,162,15,212,1,5.35658645629883
100,2.83999991416931,482,482,32,716,0,6.57368040084839
95.4000015258789,0.479999989271164,7124,7469,33,29131,0,10.2795581817627
91.6999969482422,0.330000013113022,17636,19242,33,29131,0,10.2795581817627
97.1999969482422,0.490000009536743,172,177,38,689,0,6.53524112701416
79.6999969482422,0.5,247,310,24,338,0,5.82304573059082
79,0.509999990463257,452,572,18,906,1,6.80903911590576
93.3000030517578,0.389999985694885,181,194,23,239,0,5.47646331787109
94.1999969482422,0.540000021457672,36552,38798,40,60916,0,11.0172510147095
76.3000030517578,0.519999980926514,8723,11430,28,19116,0,9.85828113555908
100,2.98000001907349,957,957,27,3225,1,8.078688621521
100,3.14000010490418,1515,1515,40,4838,0,8.48425674438477
77.6999969482422,0.46000000834465,3262,4199,36,6874,0,8.8355016708374
82.3000030517578,0.180000007152557,116,141,5,160,0,5.07517385482788
76.0999984741211,0.25,38977,51189,9,57279,0,10.9556894302368
82.5,0.529999971389771,255,309,7,324,1,5.78074359893799
100,0.330000013113022,306,306,33,522,0,6.25766754150391
82.6999969482422,0.409999996423721,1084,1310,25,2388,0,7.77821159362793
91.5,1.32000005245209,929,1015,38,2388,0,7.77821159362793
84.1999969482422,0.430000007152557,133,158,32,2156,0,7.67601013183594
78,0.360000014305115,578,741,37,979,0,6.88653182983398
100,0.550000011920929,750,750,13,924,1,6.82871198654175
93.9000015258789,0.419999986886978,139,148,32,165,1,5.1059455871582
91.0999984741211,0.389999985694885,2220,2437,16,4036,0,8.30300903320313
100,0.639999985694885,99,99,16,271,1,5.60211896896362
100,1.62999999523163,103,103,23,591,0,6.38181591033936
100,2.29999995231628,89,89,33,456,1,6.12249279022217
100,3.98000001907349,176,176,24,428,0,6.05912303924561
100,1.70000004768372,1349,1349,16,2548,1,7.84306383132935
81.3000030517578,0.810000002384186,87,107,23,243,0,5.49306154251099
100,4.38000011444092,197,197,19,589,0,6.37842607498169
83.8000030517578,0.379999995231628,358,427,7,3980,0,8.28903675079346
71.5999984741211,1.9099999666214,682,953,40,1312,0,7.17930793762207
100,0.340000003576279,61,61,16,69,1,4.23410654067993
100,1.61000001430511,1121,1121,25,1745,1,7.46450996398926
99.9000015258789,0.949999988079071,1004,1005,22,1094,1,6.99759578704834
100,0.0299999993294477,1570,1570,31,31853,1,10.3688869476318
100,1.62999999523163,582,582,41,12811,0,9.45805931091309
99.8000030517578,0.709999978542328,2726,2731,25,3133,1,8.0497465133667
90.3000030517578,0.529999971389771,215,238,6,342,1,5.83481073379517
100,0.970000028610229,88,88,20,284,1,5.64897441864014
100,2.75,378,378,29,477,1,6.16751670837402
90.3000030517578,0.349999994039536,243,269,29,399,0,5.9889612197876
100,1.5,92,92,32,165,1,5.1059455871582
100,2.35999989509583,135,135,21,135,0,4.90527486801148
100,1.78999996185303,264,264,21,264,0,5.57594919204712
100,0.800000011920929,680,680,24,858,0,6.75460386276245
100,0.170000001788139,4439,4439,7,5179,0,8.55236721038818
70.3000030517578,0.449999988079071,473,673,9,2549,0,7.84345626831055
100,0.439999997615814,529,529,7,529,1,6.27098846435547
100,1.01999998092651,171,171,19,492,1,6.19847869873047
100,0.119999997317791,330,330,19,330,1,5.7990927696228
91.5999984741211,0.75,4511,4926,22,9417,0,9.15027141571045
100,1.11000001430511,2706,2706,24,3068,1,8.02878093719482
44.0999984741211,0.379999995231628,1067,2422,7,3473,0,8.1527738571167
100,0.569999992847443,1251,1251,13,1300,1,7.17011976242065
86.9000015258789,0.25,126,145,11,230,0,5.43807935714722
100,0.670000016689301,270,270,23,474,1,6.16120719909668
100,1.6599999666214,1167,1167,25,1602,1,7.37900829315186
62.2000007629395,0.159999996423721,634,1020,7,1020,0,6.92755794525147
77.3000030517578,0.349999994039536,656,849,7,36962,0,10.5176458358765
76.9000015258789,0.189999997615814,100,130,7,195,1,5.27299976348877
53.0999984741211,0.219999998807907,220,414,8,1460,0,7.28619194030762
66.5,0.25,179,269,7,269,1,5.59471130371094
100,0.28999999165535,13518,13518,21,18677,0,9.83504772186279
100,2.45000004768372,10518,10518,13,19055,1,9.85508441925049
100,0.709999978542328,43410,43410,42,65151,0,11.0844631195068
100,0.280000001192093,1539,1539,14,1539,1,7.33888816833496
70.5,0.449999988079071,308,437,5,476,1,6.16541767120361
61.5,0.709999978542328,2057,3343,19,22026,1,9.99997901916504
90,0.449999988079071,955,1061,14,1223,1,7.10906219482422
100,0.259999990463257,492,492,9,526,0,6.26530122756958
100,0.529999971389771,108,108,8,144,1,4.96981334686279
63.2999992370606,0.200000002980232,1774,2804,9,8546,0,9.05321884155273
56.7000007629395,0.159999996423721,2707,4775,7,6740,1,8.81581497192383
100,0.959999978542328,579,579,16,844,1,6.73815250396729
100,1.33000004291534,123,123,19,171,1,5.14166355133057
100,0.419999986886978,111,111,7,158,1,5.06259489059448
68.6999969482422,0.159999996423721,491,715,7,1012,0,6.91968393325806
93.1999969482422,0.5,11420,12249,27,29557,0,10.2940759658813
100,0.0500000007450581,583,583,8,666,1,6.50128984451294
76.4000015258789,2.04999995231628,223,292,11,333,1,5.80814266204834
88.5999984741211,1.27999997138977,1640,1852,6,4094,0,8.3172779083252
100,1.02999997138977,155,155,10,240,1,5.48063898086548
80.5999984741211,0.200000002980232,228,283,7,385,1,5.95324325561523
100,2.30999994277954,283,283,8,341,0,5.83188247680664
84.9000015258789,0.409999996423721,118,139,7,405,1,6.00388717651367
90.5,0.370000004768372,12981,14339,40,50697,0,10.8336219787598
100,0.270000010728836,704,704,17,50697,0,10.8336219787598
100,0.0799999982118607,613,613,22,50697,0,10.8336219787598
100,0.370000004768372,1075,1075,22,50697,0,10.8336219787598
78.8000030517578,0.430000007152557,216,274,8,370,1,5.91350317001343
46.9000015258789,0.230000004172325,307,655,8,655,1,6.48463535308838
91.6999969482422,0.159999996423721,7673,8364,37,11930,0,9.38681125640869
100,1.77999997138977,129,129,15,286,0,5.65599203109741
100,0.340000003576279,119,119,11,152,0,5.02388048171997
88.1999969482422,0.400000005960465,240,272,16,338,1,5.82304573059082
100,0.430000007152557,127,127,7,334,1,5.81114101409912
86.3000030517578,0.800000011920929,594,688,6,929,0,6.83410882949829
61.4000015258789,0.209999993443489,89,145,8,186,1,5.22574663162231
97.0999984741211,0.419999986886978,167,172,18,196,1,5.27811479568481
76.3000030517578,0.300000011920929,297,389,9,569,0,6.34388065338135
86.5,0.400000005960465,147,170,23,205,0,5.32300996780396
35.7999992370605,0.170000001788139,435,1215,5,1517,1,7.32449007034302
74.6999969482422,1.12999999523163,515,689,6,26052,1,10.1678495407105
100,0.860000014305115,684,684,13,859,0,6.75576877593994
51.9000015258789,0.109999999403954,309,595,6,603,1,6.40191698074341
62,0.119999997317791,455,734,5,910,1,6.8134446144104
78.5999984741211,0.540000021457672,869,1105,5,1396,1,7.24136638641357
81.8000030517578,0.800000011920929,270,330,12,398,1,5.98645210266113
28.6000003814697,0.180000007152557,1172,4101,9,4688,0,8.45276165008545
100,0.109999999403954,600,600,8,935,0,6.84054660797119
100,0.5,446,446,6,468,0,6.14846849441528
100,2.41000008583069,119,119,12,119,1,4.77912330627441
100,0.349999994039536,600,600,6,856,1,6.75227022171021
100,0.259999990463257,199,199,12,661,0,6.4937539100647
100,0.239999994635582,197,197,30,450,1,6.10924768447876
80.9000015258789,0.360000014305115,8975,11099,42,12721,0,9.45100975036621
49.2000007629395,0.409999996423721,493,1003,18,1599,0,7.37713384628296
100,2.29999995231628,127,127,25,589,1,6.37842607498169
100,0.670000016689301,202,202,8,202,1,5.30826759338379
75.1999969482422,0.389999985694885,2949,3921,11,6584,0,8.79239749908447
100,1.03999996185303,149,149,15,232,1,5.44673728942871
87.4000015258789,0.400000005960465,209,239,7,1605,0,7.38087892532349
3,0.379999995231628,1049,34547,8,88975,0,11.396110534668
84.5999984741211,0.439999997615814,126,149,9,155,1,5.0434250831604
93.3000030517578,0.469999998807907,16579,17766,8,70707,0,11.1662998199463
67.1999969482422,0.189999997615814,240,357,8,2384,0,7.77653503417969
59.9000015258789,0.180000007152557,1195,1994,8,2384,0,7.77653503417969
100,0.400000005960465,128,128,15,138,1,4.92725372314453
86.5,0.5,587,679,5,694,0,6.54247188568115
100,0.340000003576279,126,126,7,241,1,5.48479700088501
100,0.189999997615814,514,514,9,756,0,6.62804126739502
100,4.78000020980835,358,358,7,661,1,6.4937539100647
100,3.84999990463257,237,237,8,317,1,5.75890159606934
100,0.310000002384186,309,309,33,355,0,5.87211799621582
62,0.189999997615814,325,524,12,718,0,6.57646942138672
100,1.25,2667,2667,16,6344,0,8.75526523590088
98.9000015258789,1.26999998092651,177,179,5,208,1,5.33753824234009
64.5999984741211,0.300000011920929,363,562,5,639,1,6.45990467071533
84.0999984741211,0.439999997615814,143,170,8,279,1,5.63121175765991
14.8999996185303,0.219999998807907,1011,6801,7,9188,1,9.12565326690674
81.6999969482422,0.469999998807907,3168,3879,7,10526,0,9.26160335540771
68.3000030517578,0.419999986886978,112,164,16,262,1,5.5683445930481
100,0.400000005960465,136,136,12,320,1,5.76832103729248
100,2.89000010490418,765,765,36,3625,0,8.1956090927124
80.4000015258789,0.0500000007450581,234,291,8,389,1,5.96357917785645
72.5999984741211,0.319999992847443,3349,4615,8,41406,0,10.6311807632446
100,0.610000014305115,813,813,7,2413,0,7.78862619400024
90.5,0.389999985694885,3261,3603,27,3915,0,8.27257061004639
100,0.319999992847443,77,77,13,181,0,5.19849681854248
80.5999984741211,0.170000001788139,489,607,7,1944,0,7.57250308990479
64.4000015258789,0.319999992847443,2013,3128,7,4561,0,8.42529678344727
73,0.330000013113022,712,975,13,1148,0,7.0457763671875
85.4000015258789,0.479999989271164,164,192,27,327,1,5.7899603843689
70.1999969482422,0.119999997317791,335,477,14,2679,0,7.89319896697998
86.5,0.370000004768372,38493,44517,27,88975,0,11.396110534668
76.4000015258789,0.379999995231628,26405,34547,27,88975,0,11.396110534668
100,0.870000004768372,222,222,28,231,0,5.44241762161255
100,0.970000028610229,72,72,33,98,1,4.58496761322022
90.8000030517578,0.689999997615814,45288,49893,26,117414,0,11.6734609603882
77,0.439999997615814,33430,43428,30,54497,0,10.9059009552002
81.1999969482422,1.13999998569489,613,755,10,1170,1,7.06475925445557
58.2000007629395,0.560000002384186,318,546,6,912,1,6.81563997268677
60.9000015258789,0.319999992847443,227,373,17,434,0,6.07304430007935
94.4000015258789,0.119999997317791,135,143,6,226,1,5.42053508758545
71.0999984741211,0.379999995231628,1590,2235,8,9741,1,9.1840991973877
69.8000030517578,0.430000007152557,268,384,7,492,0,6.19847869873047
65,0.360000014305115,2456,3776,5,7360,1,8.90381526947022
89,0.340000003576279,3942,4428,31,4549,0,8.42266273498535
67,0.529999971389771,293,437,7,628,1,6.44254016876221
87.5999984741211,0.360000014305115,14890,16996,28,18364,0,9.81814765930176
100,0.379999995231628,10881,10881,9,29203,0,10.2820262908936
100,0.209999993443489,5378,5378,48,6561,0,8.78889846801758
100,0.540000021457672,448,448,6,494,0,6.20253562927246
100,3.32999992370605,155,155,17,539,1,6.28971576690674
97.9000015258789,0.360000014305115,5154,5266,16,7324,0,8.89891147613525
72.8000030517578,0.46000000834465,107,147,8,174,0,5.15905523300171
100,1.1599999666214,210,210,21,359,0,5.88332223892212
100,0.189999997615814,117,117,41,135,1,4.90527486801148
100,1.86000001430511,491,491,34,1171,1,7.06561326980591
100,2.75999999046326,387,387,40,482,1,6.17794418334961
100,0.790000021457672,2168,2168,9,2515,0,7.83002805709839
100,4.90999984741211,102,102,17,154,1,5.03695249557495
87.5,0.28999999165535,4298,4911,26,11047,0,9.30991458892822
100,0.550000011920929,1940,1940,15,2843,0,7.95261526107788
80.5999984741211,0.219999998807907,150,186,7,289,0,5.66642665863037
60.7999992370606,1.25,146,240,8,347,0,5.84932470321655
73.8000030517578,0.25,459,622,40,846,0,6.74051952362061
100,1.14999997615814,806,806,9,1645,1,7.40549564361572
73.6999969482422,0.349999994039536,143,194,7,505,0,6.22455835342407
92.4000015258789,0.349999994039536,219,237,33,340,1,5.82894563674927
100,1.47000002861023,93,93,5,122,0,4.80402088165283
85,0.389999985694885,734,864,7,986,0,6.8936562538147
100,0.990000009536743,204,204,9,253,1,5.53338956832886
85.3000030517578,0.389999985694885,5507,6459,14,28544,0,10.259202003479
85.8000030517578,0.5,11623,13553,24,78182,0,11.2667951583862
89,0.5,50985,57288,24,78183,0,11.2668075561523
79.4000015258789,0.509999990463257,2532,3188,7,78182,0,11.2667951583862
64.3000030517578,0.119999997317791,2861,4452,11,6359,0,8.7576265335083
91.8000030517578,0.310000002384186,191,208,10,337,0,5.8200831413269
100,0.46000000834465,246,246,38,300,1,5.70378255844116
98.4000015258789,0.330000013113022,932,947,8,1137,1,7.03614854812622
82.5999984741211,0.430000007152557,152,184,5,223,1,5.40717172622681
84.3000030517578,0.939999997615814,698,828,16,859,0,6.75576877593994
100,1.86000001430511,134,134,8,179,1,5.18738603591919
100,0.689999997615814,7087,7087,18,11643,0,9.36246013641357
70.1999969482422,0.5,708,1009,15,1442,1,7.27378654479981
100,1.48000001907349,108,108,27,365,0,5.89989757537842
95.8000030517578,0.400000005960465,2184,2280,15,3544,0,8.17301177978516
100,0.200000002980232,229,229,7,232,1,5.44673728942871
100,2.07999992370605,94,94,5,147,1,4.99043273925781
100,0.759999990463257,113,113,9,407,1,6.00881338119507
100,0.319999992847443,161,161,26,220,1,5.39362764358521
100,1.76999998092651,126,126,6,216,1,5.37527847290039
79.8000030517578,0.419999986886978,1769,2218,22,2571,0,7.85205030441284
58.4000015258789,0.209999993443489,9276,15881,25,18404,0,9.82032299041748
100,1,176,176,5,650,0,6.47697257995606
100,0.400000005960465,153,153,8,186,0,5.22574663162231
79.5999984741211,0.490000009536743,180,226,24,255,0,5.54126358032227
100,0.300000011920929,1172,1172,12,1384,0,7.23273324966431
100,0.790000021457672,1172,1172,11,1384,0,7.23273324966431
81.6999969482422,0.409999996423721,250,306,7,382,0,5.94542074203491
100,0.170000001788139,232,232,8,385,1,5.95324325561523
100,0.170000001788139,134,134,7,174,1,5.15905523300171
100,0.0299999993294477,95,95,19,146,1,4.98360681533814
100,1.29999995231628,129,129,30,236,0,5.46383190155029
100,2.1800000667572,157,157,8,193,1,5.26269006729126
100,0.689999997615814,560,560,16,625,1,6.43775177001953
100,0.629999995231628,23000,23000,9,44450,0,10.7021198272705
100,0.639999985694885,190,190,9,907,1,6.81014251708984
100,0.589999973773956,129,129,26,185,1,5.22035598754883
100,0.259999990463257,254,254,21,295,1,5.68697547912598
100,1.60000002384186,1542,1542,9,2508,0,7.82724094390869
100,0.200000002980232,234,234,5,290,1,5.6698808670044
31.3999996185303,0.0299999993294477,922,2933,6,4212,0,8.34569263458252
98.5,0.589999973773956,128,130,7,130,1,4.86753463745117
100,1.25,770,770,26,823,1,6.71295642852783
100,3.70000004768372,640,640,8,825,0,6.71538352966309
100,0.0299999993294477,190,190,6,480,1,6.17378616333008
100,0.5799999833107,402,402,7,629,1,6.44413137435913
73.9000015258789,0.180000007152557,677,916,6,1026,0,6.93342304229736
100,1,150,150,9,240,1,5.48063898086548
79.3000030517578,0.379999995231628,571,720,19,5802,1,8.66595840454102
70.5999984741211,0.400000005960465,173,245,40,870,1,6.76849317550659
100,0.219999998807907,102,102,22,115,0,4.74493217468262
69.3000030517578,0.759999990463257,280,404,27,909,1,6.81234502792358
93.4000015258789,0.0700000002980232,576,617,7,617,0,6.42486906051636
100,2.3199999332428,318,318,27,319,0,5.76519107818604
84.6999969482422,0.379999995231628,149,176,7,196,1,5.27811479568481
100,0.0399999991059303,196,196,9,303,1,5.71373271942139
100,0.340000003576279,1224,1224,12,1805,0,7.49831581115723
100,0.140000000596046,168,168,19,176,1,5.17048406600952
100,0.72000002861023,138,138,20,157,1,5.05624580383301
100,0.46000000834465,186,186,15,212,1,5.35658645629883
94.4000015258789,1.50999999046326,84,89,12,124,0,4.82028150558472
100,0.529999971389771,644,644,8,727,0,6.58892631530762
62.5,0.400000005960465,95,152,7,315,1,5.75257253646851
53.7000007629395,0.0900000035762787,440,820,8,965,0,6.87212800979614
100,0.639999985694885,241,241,25,392,1,5.97126197814941
100,1.12999999523163,268,268,15,464,1,6.13988447189331
100,1.05999994277954,417,417,24,419,0,6.03787088394165
87.6999969482422,1.89999997615814,408,465,18,702,0,6.55393362045288
85.6999969482422,0.509999990463257,180,210,8,214,0,5.36597585678101
100,0.379999995231628,123,123,6,459,0,6.12905025482178
62.9000015258789,1.21000003814697,1415,2251,19,18700,1,9.83627891540527
100,0.709999978542328,240,240,10,318,1,5.76205158233643
100,1.3400000333786,169,169,21,280,1,5.63478946685791
56.7000007629395,0.0900000035762787,135,238,8,288,1,5.66296052932739
100,0.140000000596046,640,640,5,837,0,6.72982406616211
100,1.92999994754791,284,284,18,284,1,5.64897441864014
100,0.180000007152557,469,469,19,475,0,6.16331481933594
60.2999992370606,0.270000010728836,232,385,12,423,1,6.04737234115601
21.2999992370606,0.379999995231628,766,3600,6,4500,1,8.41183280944824
85.6999969482422,0.400000005960465,699,816,7,1504,0,7.31588363647461
100,0.389999985694885,225,225,8,519,0,6.25190401077271
100,0.72000002861023,149,149,16,170,1,5.13579845428467
71.6999969482422,0.790000021457672,266,371,31,543,0,6.29710912704468
91.6999969482422,0.270000010728836,144,157,9,505,1,6.22455835342407
100,0.689999997615814,2351,2351,8,2351,1,7.76259613037109
55.9000015258789,0.389999985694885,243,435,7,625,0,6.43775177001953
94.1999969482422,0.159999996423721,373,396,18,608,1,6.41017484664917
100,1.61000001430511,110,110,21,178,1,5.18178367614746
96.5,0.509999990463257,750,777,5,873,0,6.77193546295166
100,0.119999997317791,100,100,22,186,1,5.22574663162231
87.5999984741211,0.660000026226044,106,121,5,398,1,5.98645210266113
77.3000030517578,0.319999992847443,1482,1916,9,22023,0,9.99984264373779
100,0.419999986886978,103,103,7,417,0,6.03308629989624
100,1.87999999523163,72,72,19,138,1,4.92725372314453
62.7000007629395,0.360000014305115,16545,26395,22,39378,0,10.5809621810913
100,0.479999989271164,256,256,7,431,1,6.06610822677612
100,0.319999992847443,336,336,7,359,0,5.88332223892212
89.6999969482422,0.360000014305115,2313,2578,12,4540,0,8.42068195343018
100,0.230000004172325,621,621,8,720,1,6.57925128936768
100,2.36999988555908,131,131,13,166,1,5.1119875907898
100,0.200000002980232,449,449,6,19744,1,9.89060497283936
77.6999969482422,0.140000000596046,290,373,5,978,1,6.8855094909668
56.7999992370606,0.259999990463257,643,1132,6,1281,0,7.15539646148682
58.2000007629395,0.360000014305115,185,318,11,332,1,5.8051347732544
100,0.360000014305115,240,240,9,300,0,5.70378255844116
100,0.939999997615814,2031,2031,6,2898,1,7.97177600860596
70,0.310000002384186,91,130,6,252,1,5.52942895889282
60.0999984741211,1.76999998092651,101,168,5,359,1,5.88332223892212
100,1.1599999666214,168,168,21,168,1,5.12396383285523
100,1.35000002384186,137,137,11,163,1,5.09375
78.0999984741211,0.310000002384186,3703,4743,5,6994,0,8.85280799865723
78.0999984741211,0.310000002384186,3703,4743,5,6994,0,8.85280799865723
100,0.490000009536743,166,166,6,264,1,5.57594919204712
100,0.540000021457672,100,100,6,124,0,4.82028150558472
100,0.589999973773956,475,475,8,562,0,6.3315019607544
100,0.790000021457672,571,571,7,926,0,6.8308744430542
100,0.660000026226044,764,764,9,830,1,6.72142553329468
92.5999984741211,2.30999994277954,100,108,8,160,1,5.07517385482788
100,1.86000001430511,157,157,6,157,1,5.05624580383301
61.7000007629395,0.409999996423721,513,832,6,979,1,6.88653182983398
55.5,0.0900000035762787,161,290,5,493,1,6.2005090713501
100,0.930000007152557,190,190,12,190,1,5.24702405929565
100,0.0700000002980232,128,128,7,182,1,5.20400667190552
100,1.96000003814697,175,175,9,214,1,5.36597585678101
100,1.99000000953674,427,427,13,627,1,6.44094657897949
17.3999996185303,0.28999999165535,265,1524,5,1549,0,7.34536504745483
100,0.119999997317791,254,254,7,345,1,5.84354448318481
90.8000030517578,1.17999994754791,1448,1594,21,26052,1,10.1678495407105
100,0.280000001192093,108,108,6,325,1,5.78382539749146
99.5999984741211,0.239999994635582,229,230,13,230,1,5.43807935714722
76.4000015258789,0.400000005960465,2652,3469,8,60258,0,11.0063905715942
43.7999992370605,0.200000002980232,1372,3130,6,10990,1,9.30474090576172
100,0.389999985694885,191,191,13,393,1,5.97380971908569
100,0.5799999833107,110,110,5,211,1,5.35185813903809
79.3000030517578,0.430000007152557,318,401,9,57065,1,10.9519462585449
100,0.899999976158142,617,617,10,938,1,6.84375
100,0.759999990463257,180,180,10,242,1,5.48893785476685
51.5,0.230000004172325,177,344,7,419,1,6.03787088394165
88.4000015258789,1.25999999046326,61,69,8,210,0,5.34710741043091
79.9000015258789,0.670000016689301,147,184,51,309,0,5.73334121704102
80.8000030517578,0.689999997615814,101,125,29,309,0,5.73334121704102
92.5999984741211,0.589999973773956,261,282,6,510,0,6.23441076278687
100,1.28999996185303,694,694,10,1289,1,7.16162204742432
92.5,0.519999980926514,297,321,22,364,1,5.89715385437012
43.2999992370605,0.150000005960464,384,886,7,1191,1,7.08254861831665
45.7999992370606,0.439999997615814,1690,3691,7,5865,1,8.6767578125
67.1999969482422,0.189999997615814,117,174,6,305,1,5.72031164169312
100,0.119999997317791,3565,3565,9,3565,1,8.17891979217529
79.3000030517578,0.709999978542328,107,135,5,216,1,5.37527847290039
78.8000030517578,0.46000000834465,761,966,8,980,0,6.8875527381897
100,0.28999999165535,764,764,6,962,0,6.86901426315308
100,0.379999995231628,113,113,8,185,0,5.22035598754883
50.9000015258789,0.519999980926514,144,283,9,796,1,6.67959928512573
81.5999984741211,0.419999986886978,142,174,8,177,1,5.17614984512329
77.5999984741211,0.360000014305115,222,286,7,381,0,5.94279956817627
93.9000015258789,0.5,400,426,8,457,1,6.12468338012695
80.9000015258789,0.469999998807907,555,686,16,1399,0,7.24351310729981
100,0.209999993443489,159,159,6,189,1,5.24174690246582
85.8000030517578,0.159999996423721,1138,1327,18,1328,0,7.19142913818359
100,1.00999999046326,121,121,6,537,1,6.28599786758423
100,0.28999999165535,184,184,7,231,1,5.44241762161255
100,2.64000010490418,207,207,6,259,1,5.55682802200317
100,0.519999980926514,3405,3405,8,4792,0,8.47470283508301
70.9000015258789,0.409999996423721,100,141,8,141,1,4.94876003265381
100,0.949999988079071,183,183,5,223,1,5.40717172622681
100,1.03999996185303,1590,1590,12,1612,0,7.38523101806641
91.8000030517578,0.970000028610229,167,182,9,525,1,6.26339817047119
72.0999984741211,0.119999997317791,202,280,6,1564,0,7.35500192642212
100,0.430000007152557,98,98,12,167,1,5.11799383163452
74.6999969482422,0.389999985694885,74,99,8,170,1,5.13579845428467
72.9000015258789,0.810000002384186,3601,4937,6,7061,0,8.86234188079834
100,2.90000009536743,110,110,8,129,0,4.85981225967407
63.5999984741211,0.340000003576279,673,1059,9,2700,1,7.90100717544556
52.7000007629395,0.449999988079071,196,372,12,486,0,6.18620872497559
83.3000030517578,0.0299999993294477,209,251,8,520,0,6.25382900238037
84.9000015258789,0.270000010728836,118,139,18,148,0,4.99721240997315
100,0.100000001490116,129,129,10,132,0,4.88280200958252
70.9000015258789,0.5,280,395,5,1777,0,7.48268175125122
68.8000030517578,0.379999995231628,350,509,5,577,1,6.35784244537354
82.5999984741211,0.560000002384186,2282,2763,24,4090,0,8.31630039215088
100,0.779999971389771,15923,15923,26,45000,0,10.7144174575806
100,3.09999990463257,92,92,26,108,1,4.68213129043579
99.5,0.709999978542328,5097,5123,41,8331,1,9.02773857116699
91.9000015258789,0.209999993443489,203,221,14,241,1,5.48479700088501
68.6999969482422,0.189999997615814,1762,2566,7,3894,1,8.26719188690186
73.8000030517578,0.349999994039536,107,145,7,215,0,5.37063789367676
100,2.67000007629395,1376,1376,13,1376,1,7.22693586349487
78.5,0.310000002384186,1772,2256,6,2332,0,7.75448131561279
99.1999969482422,0.400000005960465,2254,2273,36,18706,0,9.83659934997559
100,0.870000004768372,193,193,8,193,0,5.26269006729126
79.0999984741211,0.509999990463257,121,153,8,6951,0,8.84664058685303
81,0.980000019073486,162,200,7,236,0,5.46383190155029
93.0999984741211,0.649999976158142,256,275,7,398,0,5.98645210266113
100,0.800000011920929,417,417,8,459,1,6.12905025482178
68.9000015258789,0.600000023841858,665,965,6,1603,1,7.37963199615479
100,1.73000001907349,1086,1086,9,2817,0,7.94342756271362
59.5999984741211,0.0500000007450581,271,455,8,507,0,6.22851085662842
100,3.24000000953674,2477,2477,30,3523,0,8.16706848144531
52.4000015258789,0.310000002384186,1392,2659,8,34393,0,10.4456081390381
100,0.990000009536743,325,325,39,439,1,6.08449935913086
54.9000015258789,0.400000005960465,203,370,7,521,0,6.25575017929077
100,4.01999998092651,432,432,34,660,0,6.4922399520874
89.0999984741211,1.39999997615814,212,238,31,469,1,6.1506028175354
60.5999984741211,0.0599999986588955,829,1367,7,1828,0,7.51097774505615
85.0999984741211,0.330000013113022,553,650,24,907,0,6.81014251708984
100,2.51999998092651,142,142,17,197,1,5.28320360183716
100,2.26999998092651,1928,1928,35,2171,0,7.68294334411621
100,0.5799999833107,166,166,8,931,1,6.83625936508179
100,0.449999988079071,2179,2179,24,3187,0,8.06683540344238
